Date,Away,Home,Spread,Total,Away_Missing_GmSc,Home_Missing_GmSc,Home_Win_Prob,Recommendation,Strategy_Tags
2026-01-14,TOR,IND,-2.5,222.5,27,27,46.2%,✅ 客隊 TOR (受讓),⚠️Strat4:小分差(-0.3%) | Strat6:受讓方(13%)
2026-01-14,CLE,PHI,-1.5,237.5,5,0,55.9%,✅ 主隊 PHI (-1.5),⚠️Strat4:小分差(-0.3%) | ⚠️Strat5:讓分方(-0.2%) | ❌Strat8:淺盤讓分(-4%)
2026-01-14,UTA,CHI,-2.5,243.5,22,16,50.0%,⏸️ 觀望,⚠️Strat4:小分差(-0.3%) | Strat6:受讓方(13%)
2026-01-14,BRK,NOP,-2.5,228.5,9,6,54.2%,✅ 主隊 NOP (-2.5),⚠️Strat4:小分差(-0.3%) | ⚠️Strat5:讓分方(-0.2%) | ❌Strat8:淺盤讓分(-4%)
2026-01-14,DEN,DAL,-1.5,226.5,47,32,60.1%,✅ 主隊 DAL (-1.5),Strat1:信心>60%(14%) | ⚠️Strat4:小分差(-0.3%) | ⚠️Strat5:讓分方(-0.2%) | ❌Strat8:淺盤讓分(-4%)
2026-01-14,NYK,SAC,-11.5,230.5,7,26,45.2%,✅ 客隊 NYK (受讓),Strat3:大分差(21%) | Strat6:受讓方(13%) | 💎Strat7:深盤受讓(31%)
2026-01-14,WAS,LAC,-12.5,224.5,22,17,48.1%,⏸️ 觀望,Strat3:大分差(21%) | Strat6:受讓方(13%) | 💎Strat7:深盤受讓(31%)
2026-01-15,PHO,DET,-6.5,222.5,18,0,72.9%,✅ 主隊 DET (-6.5),Strat1:信心>60%(14%) | Strat2:信心>65%(19%) | ⚠️Strat5:讓分方(-0.2%)
2026-01-15,UTA,DAL,1.5,236.5,15,23,48.2%,⏸️ 觀望,⚠️Strat4:小分差(-0.3%) | ⚠️Strat5:讓分方(-0.2%) | ❌Strat8:淺盤讓分(-4%)
2026-01-15,CHO,LAL,-5.5,232.5,2,22,34.0%,✅ 客隊 CHO (受讓),Strat1:信心>60%(14%) | Strat2:信心>65%(19%) | Strat6:受讓方(13%) | 🥈Strat9:高信受讓(20%)
2026-01-15,PHO,DET,-7.5,222.5,18,0,74.4%,✅ 主隊 DET (-7.5),Strat1:信心>60%(14%) | Strat2:信心>65%(19%) | Strat3:大分差(21%) | ⚠️Strat5:讓分方(-0.2%)
2026-01-15,OKC,HOU,5.5,222.5,12,11,54.7%,✅ 主隊 HOU (5.5),Strat6:受讓方(13%)
2026-01-15,NYK,GSW,-6.5,227.5,0,7,70.3%,✅ 主隊 GSW (-6.5),Strat1:信心>60%(14%) | Strat2:信心>65%(19%) | ⚠️Strat5:讓分方(-0.2%)
2026-01-15,OKC,HOU,3.5,222.5,12,11,55.4%,✅ 主隊 HOU (3.5),⚠️Strat4:小分差(-0.3%) | Strat6:受讓方(13%)
2026-01-15,NYK,GSW,-8.5,227.5,0,7,70.4%,✅ 主隊 GSW (-8.5),Strat1:信心>60%(14%) | Strat2:信心>65%(19%) | Strat3:大分差(21%) | ⚠️Strat5:讓分方(-0.2%)
2026-01-15,MEM,ORL,-6.5,229.5,29,12,47.6%,⏸️ 觀望,Strat6:受讓方(13%)
2026-01-15,PHO,DET,-5.5,222.5,18,0,69.4%,✅ 主隊 DET (-5.5),Strat1:信心>60%(14%) | Strat2:信心>65%(19%) | ⚠️Strat5:讓分方(-0.2%)
2026-01-15,MIL,SAS,-8.5,226.5,4,10,46.9%,✅ 客隊 MIL (受讓),Strat3:大分差(21%) | Strat6:受讓方(13%) | 💎Strat7:深盤受讓(31%)
2026-01-15,UTA,DAL,2.5,236.5,15,23,45.5%,✅ 客隊 UTA (受讓),⚠️Strat4:小分差(-0.3%) | ⚠️Strat5:讓分方(-0.2%) | ❌Strat8:淺盤讓分(-4%)
2026-01-15,ATL,POR,4.5,230.5,22,37,50.8%,⏸️ 觀望,Strat6:受讓方(13%)
2026-01-15,ATL,POR,5.5,230.5,22,37,50.5%,⏸️ 觀望,Strat6:受讓方(13%)
2026-01-15,MIL,SAS,-7.5,226.5,4,10,48.4%,⏸️ 觀望,Strat3:大分差(21%) | Strat6:受讓方(13%)
2026-01-15,MIL,SAS,-6.5,226.5,4,10,49.5%,⏸️ 觀望,Strat6:受讓方(13%)
2026-01-15,CHO,LAL,-6.5,232.5,2,22,32.3%,✅ 客隊 CHO (受讓),Strat1:信心>60%(14%) | Strat2:信心>65%(19%) | Strat6:受讓方(13%) | 🥈Strat9:高信受讓(20%)
2026-01-15,CHO,LAL,-4.5,232.5,2,22,34.3%,✅ 客隊 CHO (受讓),Strat1:信心>60%(14%) | Strat2:信心>65%(19%) | Strat6:受讓方(13%) | 🥈Strat9:高信受讓(20%)
2026-01-15,BOS,MIA,2.5,234.5,6,9,41.9%,✅ 客隊 BOS (受讓),⚠️Strat4:小分差(-0.3%) | ⚠️Strat5:讓分方(-0.2%) | ❌Strat8:淺盤讓分(-4%)
2026-01-15,BOS,MIA,1.5,234.5,6,9,44.4%,✅ 客隊 BOS (受讓),⚠️Strat4:小分差(-0.3%) | ⚠️Strat5:讓分方(-0.2%) | ❌Strat8:淺盤讓分(-4%)
2026-01-15,ATL,POR,3.5,230.5,22,37,50.7%,⏸️ 觀望,⚠️Strat4:小分差(-0.3%) | Strat6:受讓方(13%)
2026-01-15,UTA,DAL,0.5,236.5,15,23,47.7%,⏸️ 觀望,⚠️Strat4:小分差(-0.3%) | ⚠️Strat5:讓分方(-0.2%) | ❌Strat8:淺盤讓分(-4%)
2026-01-15,MEM,ORL,-5.5,229.5,29,12,49.0%,⏸️ 觀望,Strat6:受讓方(13%)
2026-01-15,BOS,MIA,0.5,234.5,6,9,44.6%,✅ 客隊 BOS (受讓),⚠️Strat4:小分差(-0.3%) | ⚠️Strat5:讓分方(-0.2%) | ❌Strat8:淺盤讓分(-4%)
2026-01-15,MEM,ORL,-4.5,229.5,29,12,49.4%,⏸️ 觀望,Strat6:受讓方(13%)
2026-01-15,NYK,GSW,-7.5,227.5,0,7,70.4%,✅ 主隊 GSW (-7.5),Strat1:信心>60%(14%) | Strat2:信心>65%(19%) | Strat3:大分差(21%) | ⚠️Strat5:讓分方(-0.2%)
2026-01-15,OKC,HOU,4.5,222.5,12,11,55.0%,✅ 主隊 HOU (4.5),Strat6:受讓方(13%)
2026-01-16,CHI,BRK,-0.5,226.5,25,6,48.2%,⏸️ 觀望,⚠️Strat4:小分差(-0.3%) | Strat6:受讓方(13%)
2026-01-16,LAC,TOR,2.5,215.5,17,31,49.7%,⏸️ 觀望,⚠️Strat4:小分差(-0.3%) | ⚠️Strat5:讓分方(-0.2%) | ❌Strat8:淺盤讓分(-4%)
2026-01-16,NOP,IND,-2.5,238.5,13,27,53.2%,✅ 主隊 IND (-2.5),⚠️Strat4:小分差(-0.3%) | ⚠️Strat5:讓分方(-0.2%) | ❌Strat8:淺盤讓分(-4%)
2026-01-16,MIN,HOU,-4.5,222.5,23,0,57.8%,✅ 主隊 HOU (-4.5),⚠️Strat5:讓分方(-0.2%) | ❌Strat8:淺盤讓分(-4%)
2026-01-16,WAS,SAC,-7.5,231.5,42,11,50.0%,⏸️ 觀望,Strat3:大分差(21%) | ⚠️Strat5:讓分方(-0.2%)
2026-01-16,LAC,TOR,3.5,215.5,17,31,50.0%,⏸️ 觀望,⚠️Strat4:小分差(-0.3%) | ⚠️Strat5:讓分方(-0.2%) | ❌Strat8:淺盤讓分(-4%)
2026-01-16,MIN,HOU,-3.5,222.5,23,0,55.0%,✅ 主隊 HOU (-3.5),⚠️Strat4:小分差(-0.3%) | ⚠️Strat5:讓分方(-0.2%) | ❌Strat8:淺盤讓分(-4%)
2026-01-16,LAC,TOR,1.5,215.5,17,31,52.6%,⏸️ 觀望,⚠️Strat4:小分差(-0.3%) | Strat6:受讓方(13%)
2026-01-16,MIN,HOU,-5.5,222.5,23,0,58.1%,✅ 主隊 HOU (-5.5),⚠️Strat5:讓分方(-0.2%)
2026-01-16,CHI,BRK,-1.5,226.5,25,6,48.2%,⏸️ 觀望,⚠️Strat4:小分差(-0.3%) | Strat6:受讓方(13%)
2026-01-16,NOP,IND,-4.5,238.5,13,27,52.3%,⏸️ 觀望,⚠️Strat5:讓分方(-0.2%) | ❌Strat8:淺盤讓分(-4%)
2026-01-16,CHI,BRK,-2.5,226.5,25,6,47.4%,⏸️ 觀望,⚠️Strat4:小分差(-0.3%) | Strat6:受讓方(13%)
2026-01-16,CLE,PHI,-3.5,235.5,29,0,57.1%,✅ 主隊 PHI (-3.5),⚠️Strat4:小分差(-0.3%) | ⚠️Strat5:讓分方(-0.2%) | ❌Strat8:淺盤讓分(-4%)
2026-01-16,NOP,IND,-3.5,238.5,13,27,51.8%,⏸️ 觀望,⚠️Strat4:小分差(-0.3%) | ⚠️Strat5:讓分方(-0.2%) | ❌Strat8:淺盤讓分(-4%)
2026-01-16,WAS,SAC,-6.5,231.5,42,11,51.7%,⏸️ 觀望,⚠️Strat5:讓分方(-0.2%)
2026-01-16,CLE,PHI,-2.5,235.5,29,0,53.5%,✅ 主隊 PHI (-2.5),⚠️Strat4:小分差(-0.3%) | ⚠️Strat5:讓分方(-0.2%) | ❌Strat8:淺盤讓分(-4%)
2026-01-16,CLE,PHI,-1.5,235.5,29,0,50.6%,⏸️ 觀望,⚠️Strat4:小分差(-0.3%) | ⚠️Strat5:讓分方(-0.2%) | ❌Strat8:淺盤讓分(-4%)
2026-01-16,WAS,SAC,-8.5,231.5,42,11,49.9%,⏸️ 觀望,Strat3:大分差(21%) | Strat6:受讓方(13%) | 💎Strat7:深盤受讓(31%)
2026-01-17,LAL,POR,-2.5,223.5,48,37,55.6%,✅ 主隊 POR (-2.5),⚠️Strat4:小分差(-0.3%) | ⚠️Strat5:讓分方(-0.2%) | ❌Strat8:淺盤讓分(-4%)
2026-01-17,PHO,NYK,-3.5,223.5,18,0,58.7%,✅ 主隊 NYK (-3.5),⚠️Strat4:小分差(-0.3%) | ⚠️Strat5:讓分方(-0.2%) | ❌Strat8:淺盤讓分(-4%)
2026-01-17,IND,DET,-11.5,225.5,16,0,72.4%,✅ 主隊 DET (-11.5),Strat1:信心>60%(14%) | Strat2:信心>65%(19%) | Strat3:大分差(21%) | ⚠️Strat5:讓分方(-0.2%)
2026-01-17,BOS,ATL,4.5,229.5,20,22,38.8%,✅ 客隊 BOS (受讓),Strat1:信心>60%(14%) | ⚠️Strat5:讓分方(-0.2%) | ❌Strat8:淺盤讓分(-4%)
2026-01-17,PHO,NYK,-2.5,223.5,18,0,54.9%,✅ 主隊 NYK (-2.5),⚠️Strat4:小分差(-0.3%) | ⚠️Strat5:讓分方(-0.2%) | ❌Strat8:淺盤讓分(-4%)
2026-01-17,PHO,NYK,-4.5,223.5,18,0,60.6%,✅ 主隊 NYK (-4.5),Strat1:信心>60%(14%) | ⚠️Strat5:讓分方(-0.2%) | ❌Strat8:淺盤讓分(-4%)
2026-01-17,CHO,GSW,-6.5,232.5,2,10,46.7%,✅ 客隊 CHO (受讓),Strat6:受讓方(13%)
2026-01-17,OKC,MIA,10.5,234.5,12,22,47.6%,⏸️ 觀望,Strat3:大分差(21%) | ⚠️Strat5:讓分方(-0.2%)
2026-01-17,BOS,ATL,2.5,229.5,20,22,39.1%,✅ 客隊 BOS (受讓),Strat1:信心>60%(14%) | ⚠️Strat4:小分差(-0.3%) | ⚠️Strat5:讓分方(-0.2%) | ❌Strat8:淺盤讓分(-4%)
2026-01-17,BOS,ATL,3.5,229.5,20,22,39.6%,✅ 客隊 BOS (受讓),Strat1:信心>60%(14%) | ⚠️Strat4:小分差(-0.3%) | ⚠️Strat5:讓分方(-0.2%) | ❌Strat8:淺盤讓分(-4%)
2026-01-17,OKC,MIA,9.5,234.5,12,22,47.5%,⏸️ 觀望,Strat3:大分差(21%) | ⚠️Strat5:讓分方(-0.2%)
2026-01-17,IND,DET,-13.5,225.5,16,0,72.6%,✅ 主隊 DET (-13.5),Strat1:信心>60%(14%) | Strat2:信心>65%(19%) | Strat3:大分差(21%) | ⚠️Strat5:讓分方(-0.2%)
2026-01-17,UTA,DAL,-3.5,242.5,36,46,48.7%,⏸️ 觀望,⚠️Strat4:小分差(-0.3%) | Strat6:受讓方(13%)
2026-01-17,CHO,GSW,-5.5,232.5,2,10,48.6%,⏸️ 觀望,Strat6:受讓方(13%)
2026-01-17,UTA,DAL,-4.5,242.5,36,46,49.2%,⏸️ 觀望,Strat6:受讓方(13%)
2026-01-17,OKC,MIA,8.5,234.5,12,22,47.5%,⏸️ 觀望,Strat3:大分差(21%) | ⚠️Strat5:讓分方(-0.2%)
2026-01-17,MIN,SAS,-5.5,227.5,2,10,69.1%,✅ 主隊 SAS (-5.5),Strat1:信心>60%(14%) | Strat2:信心>65%(19%) | ⚠️Strat5:讓分方(-0.2%)
2026-01-17,UTA,DAL,-2.5,242.5,36,46,47.9%,⏸️ 觀望,⚠️Strat4:小分差(-0.3%) | Strat6:受讓方(13%)
2026-01-17,LAL,POR,-4.5,223.5,48,37,55.0%,✅ 主隊 POR (-4.5),⚠️Strat5:讓分方(-0.2%) | ❌Strat8:淺盤讓分(-4%)
2026-01-17,IND,DET,-12.5,225.5,16,0,72.4%,✅ 主隊 DET (-12.5),Strat1:信心>60%(14%) | Strat2:信心>65%(19%) | Strat3:大分差(21%) | ⚠️Strat5:讓分方(-0.2%)
2026-01-17,WAS,DEN,-14.5,232.5,30,54,37.9%,✅ 客隊 WAS (受讓),Strat1:信心>60%(14%) | Strat3:大分差(21%) | Strat6:受讓方(13%) | 💎Strat7:深盤受讓(31%) | 🥈Strat9:高信受讓(20%)
2026-01-17,WAS,DEN,-13.5,232.5,30,54,37.9%,✅ 客隊 WAS (受讓),Strat1:信心>60%(14%) | Strat3:大分差(21%) | Strat6:受讓方(13%) | 💎Strat7:深盤受讓(31%) | 🥈Strat9:高信受讓(20%)
2026-01-17,CHO,GSW,-7.5,232.5,2,10,44.1%,✅ 客隊 CHO (受讓),Strat3:大分差(21%) | Strat6:受讓方(13%)
2026-01-17,MIN,SAS,-6.5,227.5,2,10,67.5%,✅ 主隊 SAS (-6.5),Strat1:信心>60%(14%) | Strat2:信心>65%(19%) | ⚠️Strat5:讓分方(-0.2%)
2026-01-17,LAL,POR,-3.5,223.5,48,37,54.5%,✅ 主隊 POR (-3.5),⚠️Strat4:小分差(-0.3%) | ⚠️Strat5:讓分方(-0.2%) | ❌Strat8:淺盤讓分(-4%)
2026-01-17,WAS,DEN,-12.5,232.5,30,54,38.3%,✅ 客隊 WAS (受讓),Strat1:信心>60%(14%) | Strat3:大分差(21%) | Strat6:受讓方(13%) | 💎Strat7:深盤受讓(31%) | 🥈Strat9:高信受讓(20%)
2026-01-17,MIN,SAS,-7.5,227.5,2,10,66.6%,✅ 主隊 SAS (-7.5),Strat1:信心>60%(14%) | Strat2:信心>65%(19%) | Strat3:大分差(21%) | ⚠️Strat5:讓分方(-0.2%)
2026-01-18,TOR,LAL,-1.5,225.5,29,22,43.3%,✅ 客隊 TOR (受讓),⚠️Strat4:小分差(-0.3%) | Strat6:受讓方(13%)
2026-01-18,POR,SAC,-3.5,229.5,17,11,41.7%,✅ 客隊 POR (受讓),⚠️Strat4:小分差(-0.3%) | Strat6:受讓方(13%)
2026-01-18,POR,SAC,-2.5,229.5,17,11,42.5%,✅ 客隊 POR (受讓),⚠️Strat4:小分差(-0.3%) | Strat6:受讓方(13%)
2026-01-18,NOP,HOU,-12.5,229.5,13,0,70.3%,✅ 主隊 HOU (-12.5),Strat1:信心>60%(14%) | Strat2:信心>65%(19%) | Strat3:大分差(21%) | ⚠️Strat5:讓分方(-0.2%)
2026-01-18,CHO,DEN,-3.5,229.5,2,47,37.3%,✅ 客隊 CHO (受讓),Strat1:信心>60%(14%) | ⚠️Strat4:小分差(-0.3%) | Strat6:受讓方(13%) | 🥈Strat9:高信受讓(20%)
2026-01-18,CHO,DEN,-2.5,229.5,2,47,37.9%,✅ 客隊 CHO (受讓),Strat1:信心>60%(14%) | ⚠️Strat4:小分差(-0.3%) | Strat6:受讓方(13%) | 🥈Strat9:高信受讓(20%)
2026-01-18,POR,SAC,-1.5,229.5,17,11,43.2%,✅ 客隊 POR (受讓),⚠️Strat4:小分差(-0.3%) | Strat6:受讓方(13%)
2026-01-18,ORL,MEM,4.5,230.5,12,16,53.8%,✅ 主隊 MEM (4.5),Strat6:受讓方(13%)
2026-01-18,CHO,DEN,-1.5,229.5,2,47,38.0%,✅ 客隊 CHO (受讓),Strat1:信心>60%(14%) | ⚠️Strat4:小分差(-0.3%) | Strat6:受讓方(13%) | 🥈Strat9:高信受讓(20%)
2026-01-18,NOP,HOU,-14.5,229.5,13,0,70.7%,✅ 主隊 HOU (-14.5),Strat1:信心>60%(14%) | Strat2:信心>65%(19%) | Strat3:大分差(21%) | ⚠️Strat5:讓分方(-0.2%)
2026-01-18,TOR,LAL,-0.5,225.5,29,22,43.3%,✅ 客隊 TOR (受讓),⚠️Strat4:小分差(-0.3%) | Strat6:受讓方(13%)
2026-01-18,BRK,CHI,-5.5,220.5,29,25,48.9%,⏸️ 觀望,Strat6:受讓方(13%)
2026-01-18,ORL,MEM,3.5,230.5,12,16,53.4%,✅ 主隊 MEM (3.5),⚠️Strat4:小分差(-0.3%) | Strat6:受讓方(13%)
2026-01-18,NOP,HOU,-13.5,229.5,13,0,70.7%,✅ 主隊 HOU (-13.5),Strat1:信心>60%(14%) | Strat2:信心>65%(19%) | Strat3:大分差(21%) | ⚠️Strat5:讓分方(-0.2%)
2026-01-18,BRK,CHI,-7.5,220.5,29,25,49.1%,⏸️ 觀望,Strat3:大分差(21%) | Strat6:受讓方(13%)
2026-01-18,TOR,LAL,-2.5,225.5,29,22,41.9%,✅ 客隊 TOR (受讓),⚠️Strat4:小分差(-0.3%) | Strat6:受讓方(13%)
2026-01-18,BRK,CHI,-6.5,220.5,29,25,47.7%,⏸️ 觀望,Strat6:受讓方(13%)
2026-01-18,ORL,MEM,2.5,230.5,12,16,53.9%,✅ 主隊 MEM (2.5),⚠️Strat4:小分差(-0.3%) | Strat6:受讓方(13%)
2026-01-19,DAL,NYK,-9.5,230.5,49,0,73.1%,✅ 主隊 NYK (-9.5),Strat1:信心>60%(14%) | Strat2:信心>65%(19%) | Strat3:大分差(21%) | ⚠️Strat5:讓分方(-0.2%)
2026-01-19,BOS,DET,-4.5,224.5,0,0,74.3%,✅ 主隊 DET (-4.5),Strat1:信心>60%(14%) | Strat2:信心>65%(19%) | ⚠️Strat5:讓分方(-0.2%) | ❌Strat8:淺盤讓分(-4%)
2026-01-19,IND,PHI,-9.5,228.5,20,0,63.7%,✅ 主隊 PHI (-9.5),Strat1:信心>60%(14%) | Strat3:大分差(21%) | ⚠️Strat5:讓分方(-0.2%)
2026-01-19,OKC,CLE,5.5,234.5,26,23,39.3%,✅ 客隊 OKC (受讓),Strat1:信心>60%(14%) | ⚠️Strat5:讓分方(-0.2%)
2026-01-19,DAL,NYK,-10.5,230.5,49,0,73.1%,✅ 主隊 NYK (-10.5),Strat1:信心>60%(14%) | Strat2:信心>65%(19%) | Strat3:大分差(21%) | ⚠️Strat5:讓分方(-0.2%)
2026-01-19,MIA,GSW,-7.5,238.5,16,7,51.4%,⏸️ 觀望,Strat3:大分差(21%) | ⚠️Strat5:讓分方(-0.2%)
2026-01-19,UTA,SAS,-16.5,241.5,36,10,39.5%,✅ 客隊 UTA (受讓),Strat1:信心>60%(14%) | Strat3:大分差(21%) | Strat6:受讓方(13%) | 💎Strat7:深盤受讓(31%) | 🥈Strat9:高信受讓(20%)
2026-01-19,PHO,BRK,8.5,218.5,0,29,21.8%,✅ 客隊 PHO (受讓),Strat1:信心>60%(14%) | Strat2:信心>65%(19%) | Strat3:大分差(21%) | ⚠️Strat5:讓分方(-0.2%)
2026-01-19,LAC,WAS,7.5,224.5,40,35,44.5%,✅ 客隊 LAC (受讓),Strat3:大分差(21%) | ⚠️Strat5:讓分方(-0.2%)
2026-01-19,OKC,CLE,6.5,234.5,26,23,39.1%,✅ 客隊 OKC (受讓),Strat1:信心>60%(14%) | ⚠️Strat5:讓分方(-0.2%)
2026-01-19,LAC,WAS,6.5,224.5,40,35,44.8%,✅ 客隊 LAC (受讓),⚠️Strat5:讓分方(-0.2%)
2026-01-19,OKC,CLE,7.5,234.5,26,23,38.4%,✅ 客隊 OKC (受讓),Strat1:信心>60%(14%) | Strat3:大分差(21%) | ⚠️Strat5:讓分方(-0.2%)
2026-01-19,MIL,ATL,-1.5,231.5,4,22,45.1%,✅ 客隊 MIL (受讓),⚠️Strat4:小分差(-0.3%) | Strat6:受讓方(13%)
2026-01-19,IND,PHI,-8.5,228.5,20,0,63.2%,✅ 主隊 PHI (-8.5),Strat1:信心>60%(14%) | Strat3:大分差(21%) | ⚠️Strat5:讓分方(-0.2%)
2026-01-19,MIA,GSW,-5.5,238.5,16,7,51.9%,⏸️ 觀望,⚠️Strat5:讓分方(-0.2%)
2026-01-19,UTA,SAS,-15.5,241.5,36,10,40.0%,✅ 客隊 UTA (受讓),Strat1:信心>60%(14%) | Strat3:大分差(21%) | Strat6:受讓方(13%) | 💎Strat7:深盤受讓(31%) | 🥈Strat9:高信受讓(20%)
2026-01-19,MIL,ATL,-2.5,231.5,4,22,45.2%,✅ 客隊 MIL (受讓),⚠️Strat4:小分差(-0.3%) | Strat6:受讓方(13%)
2026-01-19,BOS,DET,-3.5,224.5,0,0,72.5%,✅ 主隊 DET (-3.5),Strat1:信心>60%(14%) | Strat2:信心>65%(19%) | ⚠️Strat4:小分差(-0.3%) | ⚠️Strat5:讓分方(-0.2%) | ❌Strat8:淺盤讓分(-4%)
2026-01-19,UTA,SAS,-17.5,241.5,36,10,40.3%,✅ 客隊 UTA (受讓),Strat3:大分差(21%) | Strat6:受讓方(13%) | 💎Strat7:深盤受讓(31%)
2026-01-19,LAC,WAS,5.5,224.5,40,35,46.1%,✅ 客隊 LAC (受讓),⚠️Strat5:讓分方(-0.2%)
2026-01-19,DAL,NYK,-11.5,230.5,49,0,73.7%,✅ 主隊 NYK (-11.5),Strat1:信心>60%(14%) | Strat2:信心>65%(19%) | Strat3:大分差(21%) | ⚠️Strat5:讓分方(-0.2%)
2026-01-19,PHO,BRK,6.5,218.5,0,29,24.7%,✅ 客隊 PHO (受讓),Strat1:信心>60%(14%) | Strat2:信心>65%(19%) | ⚠️Strat5:讓分方(-0.2%)
2026-01-19,BOS,DET,-2.5,224.5,0,0,69.9%,✅ 主隊 DET (-2.5),Strat1:信心>60%(14%) | Strat2:信心>65%(19%) | ⚠️Strat4:小分差(-0.3%) | ⚠️Strat5:讓分方(-0.2%) | ❌Strat8:淺盤讓分(-4%)
2026-01-19,MIA,GSW,-6.5,238.5,16,7,50.4%,⏸️ 觀望,⚠️Strat5:讓分方(-0.2%)
2026-01-19,MIL,ATL,-3.5,231.5,4,22,44.4%,✅ 客隊 MIL (受讓),⚠️Strat4:小分差(-0.3%) | Strat6:受讓方(13%)
2026-01-19,IND,PHI,-7.5,228.5,20,0,62.8%,✅ 主隊 PHI (-7.5),Strat1:信心>60%(14%) | Strat3:大分差(21%) | ⚠️Strat5:讓分方(-0.2%)
2026-01-19,PHO,BRK,7.5,218.5,0,29,22.1%,✅ 客隊 PHO (受讓),Strat1:信心>60%(14%) | Strat2:信心>65%(19%) | Strat3:大分差(21%) | ⚠️Strat5:讓分方(-0.2%)
2026-01-20,SAS,HOU,-2.5,221.5,10,8,49.6%,⏸️ 觀望,⚠️Strat4:小分差(-0.3%) | Strat6:受讓方(13%)
2026-01-20,LAC,CHI,-3.5,226.5,17,7,44.8%,✅ 客隊 LAC (受讓),⚠️Strat4:小分差(-0.3%) | Strat6:受讓方(13%)
2026-01-20,MIN,UTA,12.5,244.5,2,15,60.4%,✅ 主隊 UTA (12.5),Strat1:信心>60%(14%) | Strat3:大分差(21%) | Strat6:受讓方(13%) | 💎Strat7:深盤受讓(31%) | 🥈Strat9:高信受讓(20%)
2026-01-20,LAL,DEN,1.5,228.5,22,54,36.7%,✅ 客隊 LAL (受讓),Strat1:信心>60%(14%) | ⚠️Strat4:小分差(-0.3%) | ⚠️Strat5:讓分方(-0.2%) | ❌Strat8:淺盤讓分(-4%)
2026-01-20,PHO,PHI,-1.5,224.5,0,0,65.6%,✅ 主隊 PHI (-1.5),Strat1:信心>60%(14%) | Strat2:信心>65%(19%) | ⚠️Strat4:小分差(-0.3%) | ⚠️Strat5:讓分方(-0.2%) | ❌Strat8:淺盤讓分(-4%)
2026-01-20,PHO,PHI,-2.5,224.5,0,0,66.0%,✅ 主隊 PHI (-2.5),Strat1:信心>60%(14%) | Strat2:信心>65%(19%) | ⚠️Strat4:小分差(-0.3%) | ⚠️Strat5:讓分方(-0.2%) | ❌Strat8:淺盤讓分(-4%)
2026-01-20,MIA,SAC,2.5,236.5,16,11,46.0%,✅ 客隊 MIA (受讓),⚠️Strat4:小分差(-0.3%) | ⚠️Strat5:讓分方(-0.2%) | ❌Strat8:淺盤讓分(-4%)
2026-01-20,MIN,UTA,11.5,244.5,2,15,61.0%,✅ 主隊 UTA (11.5),Strat1:信心>60%(14%) | Strat3:大分差(21%) | Strat6:受讓方(13%) | 💎Strat7:深盤受讓(31%) | 🥈Strat9:高信受讓(20%)
2026-01-20,SAS,HOU,-3.5,221.5,10,8,48.7%,⏸️ 觀望,⚠️Strat4:小分差(-0.3%) | Strat6:受讓方(13%)
2026-01-20,TOR,GSW,-4.5,226.5,36,26,48.7%,⏸️ 觀望,Strat6:受讓方(13%)
2026-01-20,TOR,GSW,-2.5,226.5,36,26,49.2%,⏸️ 觀望,⚠️Strat4:小分差(-0.3%) | Strat6:受讓方(13%)
2026-01-20,MIA,SAC,1.5,236.5,16,11,49.0%,⏸️ 觀望,⚠️Strat4:小分差(-0.3%) | ⚠️Strat5:讓分方(-0.2%) | ❌Strat8:淺盤讓分(-4%)
2026-01-20,MIN,UTA,10.5,244.5,2,15,61.0%,✅ 主隊 UTA (10.5),Strat1:信心>60%(14%) | Strat3:大分差(21%) | Strat6:受讓方(13%) | 💎Strat7:深盤受讓(31%) | 🥈Strat9:高信受讓(20%)
2026-01-20,SAS,HOU,-4.5,221.5,10,8,49.2%,⏸️ 觀望,Strat6:受讓方(13%)
2026-01-20,LAL,DEN,2.5,228.5,22,54,34.0%,✅ 客隊 LAL (受讓),Strat1:信心>60%(14%) | Strat2:信心>65%(19%) | ⚠️Strat4:小分差(-0.3%) | ⚠️Strat5:讓分方(-0.2%) | ❌Strat8:淺盤讓分(-4%)
2026-01-20,MIA,SAC,3.5,236.5,16,11,46.1%,✅ 客隊 MIA (受讓),⚠️Strat4:小分差(-0.3%) | ⚠️Strat5:讓分方(-0.2%) | ❌Strat8:淺盤讓分(-4%)
2026-01-20,LAC,CHI,-2.5,226.5,17,7,46.2%,✅ 客隊 LAC (受讓),⚠️Strat4:小分差(-0.3%) | Strat6:受讓方(13%)
2026-01-20,TOR,GSW,-3.5,226.5,36,26,48.2%,⏸️ 觀望,⚠️Strat4:小分差(-0.3%) | Strat6:受讓方(13%)
2026-01-20,PHO,PHI,-0.5,224.5,0,0,65.6%,✅ 主隊 PHI (-0.5),Strat1:信心>60%(14%) | Strat2:信心>65%(19%) | ⚠️Strat4:小分差(-0.3%) | ⚠️Strat5:讓分方(-0.2%) | ❌Strat8:淺盤讓分(-4%)
2026-01-20,LAC,CHI,-4.5,226.5,17,7,44.9%,✅ 客隊 LAC (受讓),Strat6:受讓方(13%)
2026-01-20,LAL,DEN,3.5,228.5,22,54,33.6%,✅ 客隊 LAL (受讓),Strat1:信心>60%(14%) | Strat2:信心>65%(19%) | ⚠️Strat4:小分差(-0.3%) | ⚠️Strat5:讓分方(-0.2%) | ❌Strat8:淺盤讓分(-4%)
2026-01-21,IND,BOS,-12.5,226.5,20,6,40.0%,✅ 客隊 IND (受讓),Strat3:大分差(21%) | Strat6:受讓方(13%) | 💎Strat7:深盤受讓(31%)
2026-01-21,DET,NOP,8.5,233.5,0,6,29.8%,✅ 客隊 DET (受讓),Strat1:信心>60%(14%) | Strat2:信心>65%(19%) | Strat3:大分差(21%) | ⚠️Strat5:讓分方(-0.2%)
2026-01-21,BRK,NYK,-10.5,224.5,0,0,79.6%,✅ 主隊 NYK (-10.5),Strat1:信心>60%(14%) | Strat2:信心>65%(19%) | Strat3:大分差(21%) | ⚠️Strat5:讓分方(-0.2%)
2026-01-21,CLE,CHO,1.5,236.5,23,6,52.3%,⏸️ 觀望,⚠️Strat4:小分差(-0.3%) | Strat6:受讓方(13%)
2026-01-21,IND,BOS,-11.5,226.5,20,6,40.0%,✅ 客隊 IND (受讓),Strat1:信心>60%(14%) | Strat3:大分差(21%) | Strat6:受讓方(13%) | 💎Strat7:深盤受讓(31%) | 🥈Strat9:高信受讓(20%)
2026-01-21,BRK,NYK,-12.5,224.5,0,0,79.8%,✅ 主隊 NYK (-12.5),Strat1:信心>60%(14%) | Strat2:信心>65%(19%) | Strat3:大分差(21%) | ⚠️Strat5:讓分方(-0.2%)
2026-01-21,BRK,NYK,-11.5,224.5,0,0,79.8%,✅ 主隊 NYK (-11.5),Strat1:信心>60%(14%) | Strat2:信心>65%(19%) | Strat3:大分差(21%) | ⚠️Strat5:讓分方(-0.2%)
2026-01-21,CLE,CHO,3.5,236.5,23,6,52.3%,⏸️ 觀望,⚠️Strat4:小分差(-0.3%) | Strat6:受讓方(13%)
2026-01-21,ATL,MEM,-2.5,237.5,22,16,48.2%,⏸️ 觀望,⚠️Strat4:小分差(-0.3%) | Strat6:受讓方(13%)
2026-01-21,ATL,MEM,-3.5,237.5,22,16,48.0%,⏸️ 觀望,⚠️Strat4:小分差(-0.3%) | Strat6:受讓方(13%)
2026-01-21,ATL,MEM,-1.5,237.5,22,16,48.9%,⏸️ 觀望,⚠️Strat4:小分差(-0.3%) | Strat6:受讓方(13%)
2026-01-21,OKC,MIL,9.5,226.5,37,4,52.8%,⏸️ 觀望,Strat3:大分差(21%) | Strat6:受讓方(13%) | 💎Strat7:深盤受讓(31%)
2026-01-21,DET,NOP,9.5,233.5,0,6,29.4%,✅ 客隊 DET (受讓),Strat1:信心>60%(14%) | Strat2:信心>65%(19%) | Strat3:大分差(21%) | ⚠️Strat5:讓分方(-0.2%)
2026-01-21,DET,NOP,10.5,233.5,0,6,29.4%,✅ 客隊 DET (受讓),Strat1:信心>60%(14%) | Strat2:信心>65%(19%) | Strat3:大分差(21%) | ⚠️Strat5:讓分方(-0.2%)
2026-01-21,OKC,MIL,10.5,226.5,37,4,52.9%,⏸️ 觀望,Strat3:大分差(21%) | Strat6:受讓方(13%) | 💎Strat7:深盤受讓(31%)
2026-01-21,TOR,SAC,2.5,223.5,36,11,48.5%,⏸️ 觀望,⚠️Strat4:小分差(-0.3%) | ⚠️Strat5:讓分方(-0.2%) | ❌Strat8:淺盤讓分(-4%)
2026-01-21,IND,BOS,-10.5,226.5,20,6,40.4%,✅ 客隊 IND (受讓),Strat3:大分差(21%) | Strat6:受讓方(13%) | 💎Strat7:深盤受讓(31%)
2026-01-21,TOR,SAC,3.5,223.5,36,11,48.0%,⏸️ 觀望,⚠️Strat4:小分差(-0.3%) | ⚠️Strat5:讓分方(-0.2%) | ❌Strat8:淺盤讓分(-4%)
2026-01-21,CLE,CHO,2.5,236.5,23,6,51.4%,⏸️ 觀望,⚠️Strat4:小分差(-0.3%) | Strat6:受讓方(13%)
2026-01-21,OKC,MIL,8.5,226.5,37,4,52.8%,⏸️ 觀望,Strat3:大分差(21%) | Strat6:受讓方(13%) | 💎Strat7:深盤受讓(31%)
2026-01-21,TOR,SAC,4.5,223.5,36,11,47.6%,⏸️ 觀望,⚠️Strat5:讓分方(-0.2%) | ❌Strat8:淺盤讓分(-4%)
2026-01-22,LAL,LAC,-2.5,224.5,22,17,46.7%,✅ 客隊 LAL (受讓),⚠️Strat4:小分差(-0.3%) | Strat6:受讓方(13%)
2026-01-22,LAL,LAC,-0.5,224.5,22,17,48.2%,⏸️ 觀望,⚠️Strat4:小分差(-0.3%) | Strat6:受讓方(13%)
2026-01-22,SAS,UTA,13.5,238.5,10,43,44.8%,✅ 客隊 SAS (受讓),Strat3:大分差(21%) | ⚠️Strat5:讓分方(-0.2%)
2026-01-22,LAL,LAC,-1.5,224.5,22,17,48.2%,⏸️ 觀望,⚠️Strat4:小分差(-0.3%) | Strat6:受讓方(13%)
2026-01-22,CHI,MIN,-8.5,238.5,7,2,45.3%,✅ 客隊 CHI (受讓),Strat3:大分差(21%) | Strat6:受讓方(13%) | 💎Strat7:深盤受讓(31%)
2026-01-22,MIA,POR,-1.5,239.5,28,17,57.4%,✅ 主隊 POR (-1.5),⚠️Strat4:小分差(-0.3%) | ⚠️Strat5:讓分方(-0.2%) | ❌Strat8:淺盤讓分(-4%)
2026-01-22,CHI,MIN,-10.5,238.5,7,2,45.1%,✅ 客隊 CHI (受讓),Strat3:大分差(21%) | Strat6:受讓方(13%) | 💎Strat7:深盤受讓(31%)
2026-01-22,SAS,UTA,11.5,238.5,10,43,44.9%,✅ 客隊 SAS (受讓),Strat3:大分差(21%) | ⚠️Strat5:讓分方(-0.2%)
2026-01-22,SAS,UTA,12.5,238.5,10,43,44.2%,✅ 客隊 SAS (受讓),Strat3:大分差(21%) | ⚠️Strat5:讓分方(-0.2%)
2026-01-22,CHI,MIN,-9.5,238.5,7,2,46.1%,✅ 客隊 CHI (受讓),Strat3:大分差(21%) | Strat6:受讓方(13%) | 💎Strat7:深盤受讓(31%)
2026-01-22,GSW,DAL,5.5,232.5,33,23,42.1%,✅ 客隊 GSW (受讓),⚠️Strat5:讓分方(-0.2%)
2026-01-22,DEN,WAS,5.5,231.5,54,30,44.1%,✅ 客隊 DEN (受讓),⚠️Strat5:讓分方(-0.2%)
2026-01-22,DEN,WAS,4.5,231.5,54,30,44.7%,✅ 客隊 DEN (受讓),⚠️Strat5:讓分方(-0.2%) | ❌Strat8:淺盤讓分(-4%)
2026-01-22,HOU,PHI,2.5,221.5,8,0,46.5%,✅ 客隊 HOU (受讓),⚠️Strat4:小分差(-0.3%) | ⚠️Strat5:讓分方(-0.2%) | ❌Strat8:淺盤讓分(-4%)
2026-01-22,CHO,ORL,-5.5,229.5,6,0,49.8%,⏸️ 觀望,Strat6:受讓方(13%)
2026-01-22,HOU,PHI,0.5,221.5,8,0,54.2%,✅ 主隊 PHI (0.5),⚠️Strat4:小分差(-0.3%) | Strat6:受讓方(13%)
2026-01-22,DEN,WAS,6.5,231.5,54,30,43.8%,✅ 客隊 DEN (受讓),⚠️Strat5:讓分方(-0.2%)
2026-01-22,HOU,PHI,1.5,221.5,8,0,53.4%,✅ 主隊 PHI (1.5),⚠️Strat4:小分差(-0.3%) | Strat6:受讓方(13%)
2026-01-22,CHO,ORL,-7.5,229.5,6,0,55.6%,✅ 主隊 ORL (-7.5),Strat3:大分差(21%) | ⚠️Strat5:讓分方(-0.2%)
2026-01-22,MIA,POR,-0.5,239.5,28,17,57.4%,✅ 主隊 POR (-0.5),⚠️Strat4:小分差(-0.3%) | ⚠️Strat5:讓分方(-0.2%) | ❌Strat8:淺盤讓分(-4%)
2026-01-22,GSW,DAL,3.5,232.5,33,23,43.6%,✅ 客隊 GSW (受讓),⚠️Strat4:小分差(-0.3%) | ⚠️Strat5:讓分方(-0.2%) | ❌Strat8:淺盤讓分(-4%)
2026-01-22,MIA,POR,-2.5,239.5,28,17,56.7%,✅ 主隊 POR (-2.5),⚠️Strat4:小分差(-0.3%) | ⚠️Strat5:讓分方(-0.2%) | ❌Strat8:淺盤讓分(-4%)
2026-01-22,CHO,ORL,-6.5,229.5,6,0,54.7%,✅ 主隊 ORL (-6.5),⚠️Strat5:讓分方(-0.2%)
2026-01-22,GSW,DAL,4.5,232.5,33,23,42.5%,✅ 客隊 GSW (受讓),⚠️Strat5:讓分方(-0.2%) | ❌Strat8:淺盤讓分(-4%)
2026-01-23,PHO,ATL,1.5,233.5,0,22,38.4%,✅ 客隊 PHO (受讓),Strat1:信心>60%(14%) | ⚠️Strat4:小分差(-0.3%) | ⚠️Strat5:讓分方(-0.2%) | ❌Strat8:淺盤讓分(-4%)
2026-01-23,HOU,DET,-4.5,217.5,8,6,58.2%,✅ 主隊 DET (-4.5),⚠️Strat5:讓分方(-0.2%) | ❌Strat8:淺盤讓分(-4%)
2026-01-23,SAC,CLE,-12.5,233.5,11,23,33.5%,✅ 客隊 SAC (受讓),Strat1:信心>60%(14%) | Strat2:信心>65%(19%) | Strat3:大分差(21%) | Strat6:受讓方(13%) | 💎Strat7:深盤受讓(31%) | 🥈Strat9:高信受讓(20%)
2026-01-23,BOS,BRK,9.5,216.5,6,0,40.7%,✅ 客隊 BOS (受讓),Strat3:大分差(21%) | ⚠️Strat5:讓分方(-0.2%)
2026-01-23,HOU,DET,-3.5,217.5,8,6,57.5%,✅ 主隊 DET (-3.5),⚠️Strat4:小分差(-0.3%) | ⚠️Strat5:讓分方(-0.2%) | ❌Strat8:淺盤讓分(-4%)
2026-01-23,BOS,BRK,7.5,216.5,6,0,40.8%,✅ 客隊 BOS (受讓),Strat3:大分差(21%) | ⚠️Strat5:讓分方(-0.2%)
2026-01-23,HOU,DET,-5.5,217.5,8,6,57.9%,✅ 主隊 DET (-5.5),⚠️Strat5:讓分方(-0.2%)
2026-01-23,TOR,POR,4.5,224.5,14,11,45.0%,✅ 客隊 TOR (受讓),⚠️Strat5:讓分方(-0.2%) | ❌Strat8:淺盤讓分(-4%)
2026-01-23,TOR,POR,2.5,224.5,14,11,45.2%,✅ 客隊 TOR (受讓),⚠️Strat4:小分差(-0.3%) | ⚠️Strat5:讓分方(-0.2%) | ❌Strat8:淺盤讓分(-4%)
2026-01-23,PHO,ATL,2.5,233.5,0,22,35.0%,✅ 客隊 PHO (受讓),Strat1:信心>60%(14%) | ⚠️Strat4:小分差(-0.3%) | ⚠️Strat5:讓分方(-0.2%) | ❌Strat8:淺盤讓分(-4%)
2026-01-23,BOS,BRK,8.5,216.5,6,0,40.7%,✅ 客隊 BOS (受讓),Strat3:大分差(21%) | ⚠️Strat5:讓分方(-0.2%)
2026-01-23,SAC,CLE,-11.5,233.5,11,23,33.3%,✅ 客隊 SAC (受讓),Strat1:信心>60%(14%) | Strat2:信心>65%(19%) | Strat3:大分差(21%) | Strat6:受讓方(13%) | 💎Strat7:深盤受讓(31%) | 🥈Strat9:高信受讓(20%)
2026-01-23,NOP,MEM,-5.5,235.5,6,42,50.4%,⏸️ 觀望,⚠️Strat5:讓分方(-0.2%)
2026-01-23,NOP,MEM,-6.5,235.5,6,42,48.5%,⏸️ 觀望,Strat6:受讓方(13%)
2026-01-23,SAC,CLE,-10.5,233.5,11,23,34.8%,✅ 客隊 SAC (受讓),Strat1:信心>60%(14%) | Strat2:信心>65%(19%) | Strat3:大分差(21%) | Strat6:受讓方(13%) | 💎Strat7:深盤受讓(31%) | 🥈Strat9:高信受讓(20%)
2026-01-23,IND,OKC,-17.5,226.5,20,44,28.7%,✅ 客隊 IND (受讓),Strat1:信心>60%(14%) | Strat2:信心>65%(19%) | Strat3:大分差(21%) | Strat6:受讓方(13%) | 💎Strat7:深盤受讓(31%) | 🥈Strat9:高信受讓(20%)
2026-01-23,DEN,MIL,-6.5,221.5,39,19,47.8%,⏸️ 觀望,Strat6:受讓方(13%)
2026-01-23,NOP,MEM,-4.5,235.5,6,42,50.1%,⏸️ 觀望,⚠️Strat5:讓分方(-0.2%) | ❌Strat8:淺盤讓分(-4%)
2026-01-23,DEN,MIL,-5.5,221.5,39,19,50.4%,⏸️ 觀望,⚠️Strat5:讓分方(-0.2%)
2026-01-23,IND,OKC,-16.5,226.5,20,44,34.1%,✅ 客隊 IND (受讓),Strat1:信心>60%(14%) | Strat2:信心>65%(19%) | Strat3:大分差(21%) | Strat6:受讓方(13%) | 💎Strat7:深盤受讓(31%) | 🥈Strat9:高信受讓(20%)
2026-01-23,DEN,MIL,-4.5,221.5,39,19,49.8%,⏸️ 觀望,Strat6:受讓方(13%)
2026-01-23,TOR,POR,3.5,224.5,14,11,45.0%,✅ 客隊 TOR (受讓),⚠️Strat4:小分差(-0.3%) | ⚠️Strat5:讓分方(-0.2%) | ❌Strat8:淺盤讓分(-4%)
2026-01-23,PHO,ATL,3.5,233.5,0,22,34.6%,✅ 客隊 PHO (受讓),Strat1:信心>60%(14%) | Strat2:信心>65%(19%) | ⚠️Strat4:小分差(-0.3%) | ⚠️Strat5:讓分方(-0.2%) | ❌Strat8:淺盤讓分(-4%)
2026-01-23,IND,OKC,-15.5,226.5,20,44,35.4%,✅ 客隊 IND (受讓),Strat1:信心>60%(14%) | Strat3:大分差(21%) | Strat6:受讓方(13%) | 💎Strat7:深盤受讓(31%) | 🥈Strat9:高信受讓(20%)
2026-01-24,CLE,ORL,-0.5,229.5,13,17,43.3%,✅ 客隊 CLE (受讓),⚠️Strat4:小分差(-0.3%) | Strat6:受讓方(13%)
2026-01-24,WAS,CHO,-11.5,233.5,45,6,55.2%,✅ 主隊 CHO (-11.5),Strat3:大分差(21%) | ⚠️Strat5:讓分方(-0.2%)
2026-01-24,NYK,PHI,0.5,229.5,0,0,47.1%,⏸️ 觀望,⚠️Strat4:小分差(-0.3%) | ⚠️Strat5:讓分方(-0.2%) | ❌Strat8:淺盤讓分(-4%)
2026-01-24,BOS,CHI,-0.5,230.5,0,20,36.5%,✅ 客隊 BOS (受讓),Strat1:信心>60%(14%) | ⚠️Strat4:小分差(-0.3%) | Strat6:受讓方(13%) | 🥈Strat9:高信受讓(20%)
2026-01-24,CLE,ORL,-1.5,229.5,13,17,43.3%,✅ 客隊 CLE (受讓),⚠️Strat4:小分差(-0.3%) | Strat6:受讓方(13%)
2026-01-24,BOS,CHI,-2.5,230.5,0,20,36.6%,✅ 客隊 BOS (受讓),Strat1:信心>60%(14%) | ⚠️Strat4:小分差(-0.3%) | Strat6:受讓方(13%) | 🥈Strat9:高信受讓(20%)
2026-01-24,MIA,UTA,5.5,245.5,28,33,43.9%,✅ 客隊 MIA (受讓),⚠️Strat5:讓分方(-0.2%)
2026-01-24,LAL,DAL,3.5,233.5,22,23,50.7%,⏸️ 觀望,⚠️Strat4:小分差(-0.3%) | Strat6:受讓方(13%)
2026-01-24,LAL,DAL,4.5,233.5,22,23,49.9%,⏸️ 觀望,⚠️Strat5:讓分方(-0.2%) | ❌Strat8:淺盤讓分(-4%)
2026-01-24,BOS,CHI,-1.5,230.5,0,20,36.5%,✅ 客隊 BOS (受讓),Strat1:信心>60%(14%) | ⚠️Strat4:小分差(-0.3%) | Strat6:受讓方(13%) | 🥈Strat9:高信受讓(20%)
2026-01-24,CLE,ORL,-2.5,229.5,13,17,42.7%,✅ 客隊 CLE (受讓),⚠️Strat4:小分差(-0.3%) | Strat6:受讓方(13%)
2026-01-24,GSW,MIN,-7.5,234.5,34,2,51.4%,⏸️ 觀望,Strat3:大分差(21%) | ⚠️Strat5:讓分方(-0.2%)
2026-01-24,LAL,DAL,2.5,233.5,22,23,50.6%,⏸️ 觀望,⚠️Strat4:小分差(-0.3%) | Strat6:受讓方(13%)
2026-01-24,MIA,UTA,4.5,245.5,28,33,44.3%,✅ 客隊 MIA (受讓),⚠️Strat5:讓分方(-0.2%) | ❌Strat8:淺盤讓分(-4%)
2026-01-24,NYK,PHI,2.5,229.5,0,0,41.4%,✅ 客隊 NYK (受讓),⚠️Strat4:小分差(-0.3%) | ⚠️Strat5:讓分方(-0.2%) | ❌Strat8:淺盤讓分(-4%)
2026-01-24,MIA,UTA,6.5,245.5,28,33,43.1%,✅ 客隊 MIA (受讓),⚠️Strat5:讓分方(-0.2%)
2026-01-24,WAS,CHO,-9.5,233.5,45,6,56.2%,✅ 主隊 CHO (-9.5),Strat3:大分差(21%) | ⚠️Strat5:讓分方(-0.2%)
2026-01-24,WAS,CHO,-10.5,233.5,45,6,55.8%,✅ 主隊 CHO (-10.5),Strat3:大分差(21%) | ⚠️Strat5:讓分方(-0.2%)
2026-01-24,GSW,MIN,-6.5,234.5,34,2,50.5%,⏸️ 觀望,⚠️Strat5:讓分方(-0.2%)
2026-01-24,NYK,PHI,1.5,229.5,0,0,47.1%,⏸️ 觀望,⚠️Strat4:小分差(-0.3%) | ⚠️Strat5:讓分方(-0.2%) | ❌Strat8:淺盤讓分(-4%)
2026-01-24,GSW,MIN,-5.5,234.5,34,2,51.8%,⏸️ 觀望,⚠️Strat5:讓分方(-0.2%)
2026-01-25,SAC,DET,-14.5,226.5,11,6,56.1%,✅ 主隊 DET (-14.5),Strat3:大分差(21%) | ⚠️Strat5:讓分方(-0.2%)
2026-01-25,TOR,OKC,-11.5,225.5,9,44,40.4%,✅ 客隊 TOR (受讓),Strat3:大分差(21%) | Strat6:受讓方(13%) | 💎Strat7:深盤受讓(31%)
2026-01-25,SAC,DET,-12.5,226.5,11,6,56.2%,✅ 主隊 DET (-12.5),Strat3:大分差(21%) | ⚠️Strat5:讓分方(-0.2%)
2026-01-25,GSW,MIN,-6.5,235.5,34,2,49.1%,⏸️ 觀望,Strat6:受讓方(13%)
2026-01-25,GSW,MIN,-8.5,235.5,34,2,49.6%,⏸️ 觀望,Strat3:大分差(21%) | Strat6:受讓方(13%) | 💎Strat7:深盤受讓(31%)
2026-01-25,GSW,MIN,-7.5,235.5,34,2,50.0%,⏸️ 觀望,Strat3:大分差(21%) | ⚠️Strat5:讓分方(-0.2%)
2026-01-25,DEN,MEM,-3.5,224.5,54,42,51.0%,⏸️ 觀望,⚠️Strat4:小分差(-0.3%) | ⚠️Strat5:讓分方(-0.2%) | ❌Strat8:淺盤讓分(-4%)
2026-01-25,TOR,OKC,-12.5,225.5,9,44,40.0%,✅ 客隊 TOR (受讓),Strat3:大分差(21%) | Strat6:受讓方(13%) | 💎Strat7:深盤受讓(31%)
2026-01-25,SAC,DET,-13.5,226.5,11,6,56.2%,✅ 主隊 DET (-13.5),Strat3:大分差(21%) | ⚠️Strat5:讓分方(-0.2%)
2026-01-25,BRK,LAC,-7.5,210.5,12,11,46.0%,✅ 客隊 BRK (受讓),Strat3:大分差(21%) | Strat6:受讓方(13%)
2026-01-25,DEN,MEM,-4.5,224.5,54,42,51.5%,⏸️ 觀望,⚠️Strat5:讓分方(-0.2%) | ❌Strat8:淺盤讓分(-4%)
2026-01-25,DAL,MIL,-2.5,219.5,27,43,51.7%,⏸️ 觀望,⚠️Strat4:小分差(-0.3%) | ⚠️Strat5:讓分方(-0.2%) | ❌Strat8:淺盤讓分(-4%)
2026-01-25,DAL,MIL,-1.5,219.5,27,43,52.2%,⏸️ 觀望,⚠️Strat4:小分差(-0.3%) | ⚠️Strat5:讓分方(-0.2%) | ❌Strat8:淺盤讓分(-4%)
2026-01-25,NOP,SAS,-11.5,239.5,0,10,65.8%,✅ 主隊 SAS (-11.5),Strat1:信心>60%(14%) | Strat2:信心>65%(19%) | Strat3:大分差(21%) | ⚠️Strat5:讓分方(-0.2%)
2026-01-25,TOR,OKC,-10.5,225.5,9,44,40.5%,✅ 客隊 TOR (受讓),Strat3:大分差(21%) | Strat6:受讓方(13%) | 💎Strat7:深盤受讓(31%)
2026-01-25,DAL,MIL,-0.5,219.5,27,43,52.2%,⏸️ 觀望,⚠️Strat4:小分差(-0.3%) | ⚠️Strat5:讓分方(-0.2%) | ❌Strat8:淺盤讓分(-4%)
2026-01-25,MIA,PHO,-4.5,229.5,37,18,53.5%,✅ 主隊 PHO (-4.5),⚠️Strat5:讓分方(-0.2%) | ❌Strat8:淺盤讓分(-4%)
2026-01-25,NOP,SAS,-10.5,239.5,0,10,65.1%,✅ 主隊 SAS (-10.5),Strat1:信心>60%(14%) | Strat2:信心>65%(19%) | Strat3:大分差(21%) | ⚠️Strat5:讓分方(-0.2%)
2026-01-25,BRK,LAC,-8.5,210.5,12,11,45.9%,✅ 客隊 BRK (受讓),Strat3:大分差(21%) | Strat6:受讓方(13%) | 💎Strat7:深盤受讓(31%)
2026-01-25,MIA,PHO,-2.5,229.5,37,18,54.2%,✅ 主隊 PHO (-2.5),⚠️Strat4:小分差(-0.3%) | ⚠️Strat5:讓分方(-0.2%) | ❌Strat8:淺盤讓分(-4%)
2026-01-25,BRK,LAC,-9.5,210.5,12,11,45.7%,✅ 客隊 BRK (受讓),Strat3:大分差(21%) | Strat6:受讓方(13%) | 💎Strat7:深盤受讓(31%)
2026-01-25,MIA,PHO,-3.5,229.5,37,18,53.0%,✅ 主隊 PHO (-3.5),⚠️Strat4:小分差(-0.3%) | ⚠️Strat5:讓分方(-0.2%) | ❌Strat8:淺盤讓分(-4%)
2026-01-25,NOP,SAS,-12.5,239.5,0,10,66.0%,✅ 主隊 SAS (-12.5),Strat1:信心>60%(14%) | Strat2:信心>65%(19%) | Strat3:大分差(21%) | ⚠️Strat5:讓分方(-0.2%)
2026-01-25,DEN,MEM,-2.5,224.5,54,42,52.5%,⏸️ 觀望,⚠️Strat4:小分差(-0.3%) | ⚠️Strat5:讓分方(-0.2%) | ❌Strat8:淺盤讓分(-4%)
2026-01-26,LAL,CHI,2.5,237.5,22,20,30.3%,✅ 客隊 LAL (受讓),Strat1:信心>60%(14%) | Strat2:信心>65%(19%) | ⚠️Strat4:小分差(-0.3%) | ⚠️Strat5:讓分方(-0.2%) | ❌Strat8:淺盤讓分(-4%)
2026-01-26,PHI,CHO,-2.5,227.5,30,6,60.7%,✅ 主隊 CHO (-2.5),Strat1:信心>60%(14%) | ⚠️Strat4:小分差(-0.3%) | ⚠️Strat5:讓分方(-0.2%) | ❌Strat8:淺盤讓分(-4%)
2026-01-26,LAL,CHI,0.5,237.5,22,20,32.6%,✅ 客隊 LAL (受讓),Strat1:信心>60%(14%) | Strat2:信心>65%(19%) | ⚠️Strat4:小分差(-0.3%) | ⚠️Strat5:讓分方(-0.2%) | ❌Strat8:淺盤讓分(-4%)
2026-01-26,PHI,CHO,-4.5,227.5,30,6,59.8%,✅ 主隊 CHO (-4.5),⚠️Strat5:讓分方(-0.2%) | ❌Strat8:淺盤讓分(-4%)
2026-01-26,LAL,CHI,1.5,237.5,22,20,32.8%,✅ 客隊 LAL (受讓),Strat1:信心>60%(14%) | Strat2:信心>65%(19%) | ⚠️Strat4:小分差(-0.3%) | ⚠️Strat5:讓分方(-0.2%) | ❌Strat8:淺盤讓分(-4%)
2026-01-26,MEM,HOU,-9.5,222.5,42,8,49.8%,⏸️ 觀望,Strat3:大分差(21%) | Strat6:受讓方(13%) | 💎Strat7:深盤受讓(31%)
2026-01-26,ORL,CLE,-6.5,227.5,17,13,46.7%,✅ 客隊 ORL (受讓),Strat6:受讓方(13%)
2026-01-26,GSW,MIN,-6.5,232.5,34,2,54.8%,✅ 主隊 MIN (-6.5),⚠️Strat5:讓分方(-0.2%)
2026-01-26,MEM,HOU,-10.5,222.5,42,8,48.0%,⏸️ 觀望,Strat3:大分差(21%) | Strat6:受讓方(13%) | 💎Strat7:深盤受讓(31%)
2026-01-26,ORL,CLE,-5.5,227.5,17,13,48.1%,⏸️ 觀望,Strat6:受讓方(13%)
2026-01-26,POR,BOS,-8.5,224.5,19,0,75.3%,✅ 主隊 BOS (-8.5),Strat1:信心>60%(14%) | Strat2:信心>65%(19%) | Strat3:大分差(21%) | ⚠️Strat5:讓分方(-0.2%)
2026-01-26,GSW,MIN,-7.5,232.5,34,2,55.8%,✅ 主隊 MIN (-7.5),Strat3:大分差(21%) | ⚠️Strat5:讓分方(-0.2%)
2026-01-26,PHI,CHO,-3.5,227.5,30,6,59.4%,✅ 主隊 CHO (-3.5),⚠️Strat4:小分差(-0.3%) | ⚠️Strat5:讓分方(-0.2%) | ❌Strat8:淺盤讓分(-4%)
2026-01-26,IND,ATL,-5.5,231.5,9,22,44.1%,✅ 客隊 IND (受讓),Strat6:受讓方(13%)
2026-01-26,IND,ATL,-4.5,231.5,9,22,43.9%,✅ 客隊 IND (受讓),Strat6:受讓方(13%)
2026-01-26,IND,ATL,-6.5,231.5,9,22,43.5%,✅ 客隊 IND (受讓),Strat6:受讓方(13%)
2026-01-26,POR,BOS,-9.5,224.5,19,0,75.7%,✅ 主隊 BOS (-9.5),Strat1:信心>60%(14%) | Strat2:信心>65%(19%) | Strat3:大分差(21%) | ⚠️Strat5:讓分方(-0.2%)
2026-01-26,GSW,MIN,-8.5,232.5,34,2,55.4%,✅ 主隊 MIN (-8.5),Strat3:大分差(21%) | ⚠️Strat5:讓分方(-0.2%)
2026-01-26,ORL,CLE,-4.5,227.5,17,13,47.7%,⏸️ 觀望,Strat6:受讓方(13%)
2026-01-26,POR,BOS,-7.5,224.5,19,0,75.3%,✅ 主隊 BOS (-7.5),Strat1:信心>60%(14%) | Strat2:信心>65%(19%) | Strat3:大分差(21%) | ⚠️Strat5:讓分方(-0.2%)
2026-01-26,MEM,HOU,-11.5,222.5,42,8,48.1%,⏸️ 觀望,Strat3:大分差(21%) | Strat6:受讓方(13%) | 💎Strat7:深盤受讓(31%)
2026-01-27,BRK,PHO,-8.5,211.5,8,18,51.8%,⏸️ 觀望,Strat3:大分差(21%) | ⚠️Strat5:讓分方(-0.2%)
2026-01-27,DET,DEN,5.5,218.5,6,62,49.8%,⏸️ 觀望,⚠️Strat5:讓分方(-0.2%)
2026-01-27,SAC,NYK,-13.5,230.5,11,0,75.3%,✅ 主隊 NYK (-13.5),Strat1:信心>60%(14%) | Strat2:信心>65%(19%) | Strat3:大分差(21%) | ⚠️Strat5:讓分方(-0.2%)
2026-01-27,LAC,UTA,9.5,231.5,17,45,47.0%,⏸️ 觀望,Strat3:大分差(21%) | ⚠️Strat5:讓分方(-0.2%)
2026-01-27,POR,WAS,6.5,232.5,39,36,45.0%,✅ 客隊 POR (受讓),⚠️Strat5:讓分方(-0.2%)
2026-01-27,MIL,PHI,-11.5,219.5,43,0,77.7%,✅ 主隊 PHI (-11.5),Strat1:信心>60%(14%) | Strat2:信心>65%(19%) | Strat3:大分差(21%) | ⚠️Strat5:讓分方(-0.2%)
2026-01-27,SAC,NYK,-12.5,230.5,11,0,75.3%,✅ 主隊 NYK (-12.5),Strat1:信心>60%(14%) | Strat2:信心>65%(19%) | Strat3:大分差(21%) | ⚠️Strat5:讓分方(-0.2%)
2026-01-27,MIL,PHI,-10.5,219.5,43,0,77.0%,✅ 主隊 PHI (-10.5),Strat1:信心>60%(14%) | Strat2:信心>65%(19%) | Strat3:大分差(21%) | ⚠️Strat5:讓分方(-0.2%)
2026-01-27,LAC,UTA,8.5,231.5,17,45,46.0%,✅ 客隊 LAC (受讓),Strat3:大分差(21%) | ⚠️Strat5:讓分方(-0.2%)
2026-01-27,POR,WAS,7.5,232.5,39,36,44.7%,✅ 客隊 POR (受讓),Strat3:大分差(21%) | ⚠️Strat5:讓分方(-0.2%)
2026-01-27,SAC,NYK,-14.5,230.5,11,0,75.3%,✅ 主隊 NYK (-14.5),Strat1:信心>60%(14%) | Strat2:信心>65%(19%) | Strat3:大分差(21%) | ⚠️Strat5:讓分方(-0.2%)
2026-01-27,NOP,OKC,-15.5,234.5,0,44,56.2%,✅ 主隊 OKC (-15.5),Strat3:大分差(21%) | ⚠️Strat5:讓分方(-0.2%)
2026-01-27,POR,WAS,5.5,232.5,39,36,45.3%,✅ 客隊 POR (受讓),⚠️Strat5:讓分方(-0.2%)
2026-01-27,DET,DEN,6.5,218.5,6,62,50.6%,⏸️ 觀望,Strat6:受讓方(13%)
2026-01-27,MIL,PHI,-9.5,219.5,43,0,77.0%,✅ 主隊 PHI (-9.5),Strat1:信心>60%(14%) | Strat2:信心>65%(19%) | Strat3:大分差(21%) | ⚠️Strat5:讓分方(-0.2%)
2026-01-27,BRK,PHO,-9.5,211.5,8,18,51.5%,⏸️ 觀望,Strat3:大分差(21%) | ⚠️Strat5:讓分方(-0.2%)
2026-01-27,LAC,UTA,7.5,231.5,17,45,46.6%,✅ 客隊 LAC (受讓),Strat3:大分差(21%) | ⚠️Strat5:讓分方(-0.2%)
2026-01-27,NOP,OKC,-13.5,234.5,0,44,56.2%,✅ 主隊 OKC (-13.5),Strat3:大分差(21%) | ⚠️Strat5:讓分方(-0.2%)
2026-01-27,BRK,PHO,-7.5,211.5,8,18,52.2%,⏸️ 觀望,Strat3:大分差(21%) | ⚠️Strat5:讓分方(-0.2%)
2026-01-27,NOP,OKC,-14.5,234.5,0,44,56.2%,✅ 主隊 OKC (-14.5),Strat3:大分差(21%) | ⚠️Strat5:讓分方(-0.2%)
2026-01-27,DET,DEN,7.5,218.5,6,62,49.9%,⏸️ 觀望,Strat3:大分差(21%) | ⚠️Strat5:讓分方(-0.2%)
2026-01-28,SAS,HOU,-3.5,221.5,0,8,73.1%,✅ 主隊 HOU (-3.5),Strat1:信心>60%(14%) | Strat2:信心>65%(19%) | ⚠️Strat4:小分差(-0.3%) | ⚠️Strat5:讓分方(-0.2%) | ❌Strat8:淺盤讓分(-4%)
2026-01-28,MIN,DAL,6.5,231.5,2,23,42.5%,✅ 客隊 MIN (受讓),⚠️Strat5:讓分方(-0.2%)
2026-01-28,GSW,UTA,9.5,241.5,34,45,42.8%,✅ 客隊 GSW (受讓),Strat3:大分差(21%) | ⚠️Strat5:讓分方(-0.2%)
2026-01-28,CHO,MEM,3.5,230.5,2,30,43.7%,✅ 客隊 CHO (受讓),⚠️Strat4:小分差(-0.3%) | ⚠️Strat5:讓分方(-0.2%) | ❌Strat8:淺盤讓分(-4%)
2026-01-28,GSW,UTA,11.5,241.5,34,45,43.5%,✅ 客隊 GSW (受讓),Strat3:大分差(21%) | ⚠️Strat5:讓分方(-0.2%)
2026-01-28,NYK,TOR,-3.5,224.5,0,9,71.0%,✅ 主隊 TOR (-3.5),Strat1:信心>60%(14%) | Strat2:信心>65%(19%) | ⚠️Strat4:小分差(-0.3%) | ⚠️Strat5:讓分方(-0.2%) | ❌Strat8:淺盤讓分(-4%)
2026-01-28,SAS,HOU,-1.5,221.5,0,8,70.8%,✅ 主隊 HOU (-1.5),Strat1:信心>60%(14%) | Strat2:信心>65%(19%) | ⚠️Strat4:小分差(-0.3%) | ⚠️Strat5:讓分方(-0.2%) | ❌Strat8:淺盤讓分(-4%)
2026-01-28,ORL,MIA,-2.5,228.5,17,16,46.7%,✅ 客隊 ORL (受讓),⚠️Strat4:小分差(-0.3%) | Strat6:受讓方(13%)
2026-01-28,NYK,TOR,-1.5,224.5,0,9,68.3%,✅ 主隊 TOR (-1.5),Strat1:信心>60%(14%) | Strat2:信心>65%(19%) | ⚠️Strat4:小分差(-0.3%) | ⚠️Strat5:讓分方(-0.2%) | ❌Strat8:淺盤讓分(-4%)
2026-01-28,GSW,UTA,10.5,241.5,34,45,43.0%,✅ 客隊 GSW (受讓),Strat3:大分差(21%) | ⚠️Strat5:讓分方(-0.2%)
2026-01-28,CHO,MEM,2.5,230.5,2,30,44.6%,✅ 客隊 CHO (受讓),⚠️Strat4:小分差(-0.3%) | ⚠️Strat5:讓分方(-0.2%) | ❌Strat8:淺盤讓分(-4%)
2026-01-28,ATL,BOS,-5.5,230.5,22,11,53.6%,✅ 主隊 BOS (-5.5),⚠️Strat5:讓分方(-0.2%)
2026-01-28,CHO,MEM,1.5,230.5,2,30,49.3%,⏸️ 觀望,⚠️Strat4:小分差(-0.3%) | ⚠️Strat5:讓分方(-0.2%) | ❌Strat8:淺盤讓分(-4%)
2026-01-28,ORL,MIA,-4.5,228.5,17,16,46.1%,✅ 客隊 ORL (受讓),Strat6:受讓方(13%)
2026-01-28,CHI,IND,0.5,236.5,20,9,29.9%,✅ 客隊 CHI (受讓),Strat1:信心>60%(14%) | Strat2:信心>65%(19%) | ⚠️Strat4:小分差(-0.3%) | ⚠️Strat5:讓分方(-0.2%) | ❌Strat8:淺盤讓分(-4%)
2026-01-28,MIN,DAL,5.5,231.5,2,23,43.3%,✅ 客隊 MIN (受讓),⚠️Strat5:讓分方(-0.2%)
2026-01-28,NYK,TOR,-2.5,224.5,0,9,68.4%,✅ 主隊 TOR (-2.5),Strat1:信心>60%(14%) | Strat2:信心>65%(19%) | ⚠️Strat4:小分差(-0.3%) | ⚠️Strat5:讓分方(-0.2%) | ❌Strat8:淺盤讓分(-4%)
2026-01-28,LAL,CLE,-4.5,234.5,22,29,54.6%,✅ 主隊 CLE (-4.5),⚠️Strat5:讓分方(-0.2%) | ❌Strat8:淺盤讓分(-4%)
2026-01-28,CHI,IND,1.5,236.5,20,9,30.0%,✅ 客隊 CHI (受讓),Strat1:信心>60%(14%) | Strat2:信心>65%(19%) | ⚠️Strat4:小分差(-0.3%) | ⚠️Strat5:讓分方(-0.2%) | ❌Strat8:淺盤讓分(-4%)
2026-01-28,SAS,HOU,-2.5,221.5,0,8,70.9%,✅ 主隊 HOU (-2.5),Strat1:信心>60%(14%) | Strat2:信心>65%(19%) | ⚠️Strat4:小分差(-0.3%) | ⚠️Strat5:讓分方(-0.2%) | ❌Strat8:淺盤讓分(-4%)
2026-01-28,LAL,CLE,-3.5,234.5,22,29,54.1%,✅ 主隊 CLE (-3.5),⚠️Strat4:小分差(-0.3%) | ⚠️Strat5:讓分方(-0.2%) | ❌Strat8:淺盤讓分(-4%)
2026-01-28,ORL,MIA,-3.5,228.5,17,16,45.6%,✅ 客隊 ORL (受讓),⚠️Strat4:小分差(-0.3%) | Strat6:受讓方(13%)
2026-01-28,LAL,CLE,-2.5,234.5,22,29,55.1%,✅ 主隊 CLE (-2.5),⚠️Strat4:小分差(-0.3%) | ⚠️Strat5:讓分方(-0.2%) | ❌Strat8:淺盤讓分(-4%)
2026-01-28,MIN,DAL,7.5,231.5,2,23,41.1%,✅ 客隊 MIN (受讓),Strat3:大分差(21%) | ⚠️Strat5:讓分方(-0.2%)
2026-01-28,CHI,IND,2.5,236.5,20,9,27.9%,✅ 客隊 CHI (受讓),Strat1:信心>60%(14%) | Strat2:信心>65%(19%) | ⚠️Strat4:小分差(-0.3%) | ⚠️Strat5:讓分方(-0.2%) | ❌Strat8:淺盤讓分(-4%)
2026-01-28,ATL,BOS,-6.5,230.5,22,11,52.2%,⏸️ 觀望,⚠️Strat5:讓分方(-0.2%)
2026-01-28,ATL,BOS,-7.5,230.5,22,11,51.5%,⏸️ 觀望,Strat3:大分差(21%) | ⚠️Strat5:讓分方(-0.2%)
2026-01-29,OKC,MIN,4.5,225.5,31,2,46.4%,✅ 客隊 OKC (受讓),⚠️Strat5:讓分方(-0.2%) | ❌Strat8:淺盤讓分(-4%)
2026-01-29,MIL,WAS,1.5,223.5,43,36,45.1%,✅ 客隊 MIL (受讓),⚠️Strat4:小分差(-0.3%) | ⚠️Strat5:讓分方(-0.2%) | ❌Strat8:淺盤讓分(-4%)
2026-01-29,OKC,MIN,6.5,225.5,31,2,46.2%,✅ 客隊 OKC (受讓),⚠️Strat5:讓分方(-0.2%)
2026-01-29,MIA,CHI,0.5,240.5,0,42,44.7%,✅ 客隊 MIA (受讓),⚠️Strat4:小分差(-0.3%) | ⚠️Strat5:讓分方(-0.2%) | ❌Strat8:淺盤讓分(-4%)
2026-01-29,HOU,ATL,4.5,224.5,8,14,46.5%,✅ 客隊 HOU (受讓),⚠️Strat5:讓分方(-0.2%) | ❌Strat8:淺盤讓分(-4%)
2026-01-29,DET,PHO,3.5,215.5,0,18,57.5%,✅ 主隊 PHO (3.5),⚠️Strat4:小分差(-0.3%) | Strat6:受讓方(13%)
2026-01-29,MIL,WAS,2.5,223.5,43,36,43.5%,✅ 客隊 MIL (受讓),⚠️Strat4:小分差(-0.3%) | ⚠️Strat5:讓分方(-0.2%) | ❌Strat8:淺盤讓分(-4%)
2026-01-29,HOU,ATL,2.5,224.5,8,14,48.2%,⏸️ 觀望,⚠️Strat4:小分差(-0.3%) | ⚠️Strat5:讓分方(-0.2%) | ❌Strat8:淺盤讓分(-4%)
2026-01-29,HOU,ATL,3.5,224.5,8,14,47.3%,⏸️ 觀望,⚠️Strat4:小分差(-0.3%) | ⚠️Strat5:讓分方(-0.2%) | ❌Strat8:淺盤讓分(-4%)
2026-01-29,SAC,PHI,-12.5,229.5,11,4,52.8%,⏸️ 觀望,Strat3:大分差(21%) | ⚠️Strat5:讓分方(-0.2%)
2026-01-29,MIA,CHI,1.5,240.5,0,42,44.4%,✅ 客隊 MIA (受讓),⚠️Strat4:小分差(-0.3%) | ⚠️Strat5:讓分方(-0.2%) | ❌Strat8:淺盤讓分(-4%)
2026-01-29,SAC,PHI,-10.5,229.5,11,4,52.1%,⏸️ 觀望,Strat3:大分差(21%) | ⚠️Strat5:讓分方(-0.2%)
2026-01-29,CHO,DAL,3.5,227.5,2,23,39.9%,✅ 客隊 CHO (受讓),Strat1:信心>60%(14%) | ⚠️Strat4:小分差(-0.3%) | ⚠️Strat5:讓分方(-0.2%) | ❌Strat8:淺盤讓分(-4%)
2026-01-29,MIA,CHI,2.5,240.5,0,42,39.5%,✅ 客隊 MIA (受讓),Strat1:信心>60%(14%) | ⚠️Strat4:小分差(-0.3%) | ⚠️Strat5:讓分方(-0.2%) | ❌Strat8:淺盤讓分(-4%)
2026-01-29,DET,PHO,4.5,215.5,0,18,51.3%,⏸️ 觀望,Strat6:受讓方(13%)
2026-01-29,BRK,DEN,-6.5,210.5,31,62,35.7%,✅ 客隊 BRK (受讓),Strat1:信心>60%(14%) | Strat6:受讓方(13%) | 🥈Strat9:高信受讓(20%)
2026-01-29,CHO,DAL,5.5,227.5,2,23,37.6%,✅ 客隊 CHO (受讓),Strat1:信心>60%(14%) | ⚠️Strat5:讓分方(-0.2%)
2026-01-29,DET,PHO,5.5,215.5,0,18,49.7%,⏸️ 觀望,⚠️Strat5:讓分方(-0.2%)
2026-01-29,OKC,MIN,5.5,225.5,31,2,46.1%,✅ 客隊 OKC (受讓),⚠️Strat5:讓分方(-0.2%)
2026-01-29,CHO,DAL,4.5,227.5,2,23,37.9%,✅ 客隊 CHO (受讓),Strat1:信心>60%(14%) | ⚠️Strat5:讓分方(-0.2%) | ❌Strat8:淺盤讓分(-4%)
2026-01-29,BRK,DEN,-8.5,210.5,31,62,36.0%,✅ 客隊 BRK (受讓),Strat1:信心>60%(14%) | Strat3:大分差(21%) | Strat6:受讓方(13%) | 💎Strat7:深盤受讓(31%) | 🥈Strat9:高信受讓(20%)
2026-01-29,MIL,WAS,3.5,223.5,43,36,44.6%,✅ 客隊 MIL (受讓),⚠️Strat4:小分差(-0.3%) | ⚠️Strat5:讓分方(-0.2%) | ❌Strat8:淺盤讓分(-4%)
2026-01-29,BRK,DEN,-7.5,210.5,31,62,35.5%,✅ 客隊 BRK (受讓),Strat1:信心>60%(14%) | Strat3:大分差(21%) | Strat6:受讓方(13%) | 🥈Strat9:高信受讓(20%)
2026-01-29,SAC,PHI,-11.5,229.5,11,4,52.6%,⏸️ 觀望,Strat3:大分差(21%) | ⚠️Strat5:讓分方(-0.2%)
2026-01-30,LAC,DEN,7.5,208.5,11,62,53.8%,✅ 主隊 DEN (7.5),Strat3:大分差(21%) | Strat6:受讓方(13%)
2026-01-30,POR,NYK,-8.5,225.5,19,0,73.4%,✅ 主隊 NYK (-8.5),Strat1:信心>60%(14%) | Strat2:信心>65%(19%) | Strat3:大分差(21%) | ⚠️Strat5:讓分方(-0.2%)
2026-01-30,CLE,PHO,4.5,221.5,29,25,53.8%,✅ 主隊 PHO (4.5),Strat6:受讓方(13%)
2026-01-30,LAC,DEN,6.5,208.5,11,62,54.1%,✅ 主隊 DEN (6.5),Strat6:受讓方(13%)
2026-01-30,LAC,DEN,5.5,208.5,11,62,53.9%,✅ 主隊 DEN (5.5),Strat6:受讓方(13%)
2026-01-30,CLE,PHO,3.5,221.5,29,25,54.2%,✅ 主隊 PHO (3.5),⚠️Strat4:小分差(-0.3%) | Strat6:受讓方(13%)
2026-01-30,MEM,NOP,-3.5,234.5,42,0,54.3%,✅ 主隊 NOP (-3.5),⚠️Strat4:小分差(-0.3%) | ⚠️Strat5:讓分方(-0.2%) | ❌Strat8:淺盤讓分(-4%)
2026-01-30,CLE,PHO,5.5,221.5,29,25,53.5%,✅ 主隊 PHO (5.5),Strat6:受讓方(13%)
2026-01-30,TOR,ORL,-2.5,220.5,9,17,52.0%,⏸️ 觀望,⚠️Strat4:小分差(-0.3%) | ⚠️Strat5:讓分方(-0.2%) | ❌Strat8:淺盤讓分(-4%)
2026-01-30,BRK,UTA,-2.5,228.5,31,36,39.4%,✅ 客隊 BRK (受讓),Strat1:信心>60%(14%) | ⚠️Strat4:小分差(-0.3%) | Strat6:受讓方(13%) | 🥈Strat9:高信受讓(20%)
2026-01-30,MEM,NOP,-1.5,234.5,42,0,49.4%,⏸️ 觀望,⚠️Strat4:小分差(-0.3%) | Strat6:受讓方(13%)
2026-01-30,TOR,ORL,-0.5,220.5,9,17,52.2%,⏸️ 觀望,⚠️Strat4:小分差(-0.3%) | ⚠️Strat5:讓分方(-0.2%) | ❌Strat8:淺盤讓分(-4%)
2026-01-30,DET,GSW,-1.5,224.5,6,35,49.0%,⏸️ 觀望,⚠️Strat4:小分差(-0.3%) | Strat6:受讓方(13%)
2026-01-30,BRK,UTA,-3.5,228.5,31,36,39.5%,✅ 客隊 BRK (受讓),Strat1:信心>60%(14%) | ⚠️Strat4:小分差(-0.3%) | Strat6:受讓方(13%) | 🥈Strat9:高信受讓(20%)
2026-01-30,POR,NYK,-6.5,225.5,19,0,72.3%,✅ 主隊 NYK (-6.5),Strat1:信心>60%(14%) | Strat2:信心>65%(19%) | ⚠️Strat5:讓分方(-0.2%)
2026-01-30,SAC,BOS,-12.5,221.5,31,19,44.1%,✅ 客隊 SAC (受讓),Strat3:大分差(21%) | Strat6:受讓方(13%) | 💎Strat7:深盤受讓(31%)
2026-01-30,SAC,BOS,-10.5,221.5,31,19,45.3%,✅ 客隊 SAC (受讓),Strat3:大分差(21%) | Strat6:受讓方(13%) | 💎Strat7:深盤受讓(31%)
2026-01-30,SAC,BOS,-11.5,221.5,31,19,44.3%,✅ 客隊 SAC (受讓),Strat3:大分差(21%) | Strat6:受讓方(13%) | 💎Strat7:深盤受讓(31%)
2026-01-30,LAL,WAS,9.5,229.5,1,36,26.7%,✅ 客隊 LAL (受讓),Strat1:信心>60%(14%) | Strat2:信心>65%(19%) | Strat3:大分差(21%) | ⚠️Strat5:讓分方(-0.2%)
2026-01-30,LAL,WAS,8.5,229.5,1,36,26.7%,✅ 客隊 LAL (受讓),Strat1:信心>60%(14%) | Strat2:信心>65%(19%) | Strat3:大分差(21%) | ⚠️Strat5:讓分方(-0.2%)
2026-01-30,DET,GSW,-0.5,224.5,6,35,49.0%,⏸️ 觀望,⚠️Strat4:小分差(-0.3%) | Strat6:受讓方(13%)
2026-01-30,TOR,ORL,-1.5,220.5,9,17,52.2%,⏸️ 觀望,⚠️Strat4:小分差(-0.3%) | ⚠️Strat5:讓分方(-0.2%) | ❌Strat8:淺盤讓分(-4%)
2026-01-30,POR,NYK,-7.5,225.5,19,0,73.6%,✅ 主隊 NYK (-7.5),Strat1:信心>60%(14%) | Strat2:信心>65%(19%) | Strat3:大分差(21%) | ⚠️Strat5:讓分方(-0.2%)
2026-01-30,BRK,UTA,-1.5,228.5,31,36,40.2%,✅ 客隊 BRK (受讓),⚠️Strat4:小分差(-0.3%) | Strat6:受讓方(13%)
2026-01-30,LAL,WAS,7.5,229.5,1,36,27.1%,✅ 客隊 LAL (受讓),Strat1:信心>60%(14%) | Strat2:信心>65%(19%) | Strat3:大分差(21%) | ⚠️Strat5:讓分方(-0.2%)
2026-01-30,DET,GSW,-2.5,224.5,6,35,48.8%,⏸️ 觀望,⚠️Strat4:小分差(-0.3%) | Strat6:受讓方(13%)
2026-01-30,MEM,NOP,-2.5,234.5,42,0,51.0%,⏸️ 觀望,⚠️Strat4:小分差(-0.3%) | ⚠️Strat5:讓分方(-0.2%) | ❌Strat8:淺盤讓分(-4%)
2026-01-31,DAL,HOU,-11.5,221.5,23,8,54.2%,✅ 主隊 HOU (-11.5),Strat3:大分差(21%) | ⚠️Strat5:讓分方(-0.2%)
2026-01-31,ATL,IND,0.5,231.5,28,9,39.9%,✅ 客隊 ATL (受讓),Strat1:信心>60%(14%) | ⚠️Strat4:小分差(-0.3%) | ⚠️Strat5:讓分方(-0.2%) | ❌Strat8:淺盤讓分(-4%)
2026-01-31,ATL,IND,2.5,231.5,28,9,37.2%,✅ 客隊 ATL (受讓),Strat1:信心>60%(14%) | ⚠️Strat4:小分差(-0.3%) | ⚠️Strat5:讓分方(-0.2%) | ❌Strat8:淺盤讓分(-4%)
2026-01-31,NOP,PHI,-10.5,231.5,0,0,77.4%,✅ 主隊 PHI (-10.5),Strat1:信心>60%(14%) | Strat2:信心>65%(19%) | Strat3:大分差(21%) | ⚠️Strat5:讓分方(-0.2%)
2026-01-31,SAS,CHO,4.5,225.5,3,2,53.2%,✅ 主隊 CHO (4.5),Strat6:受讓方(13%)
2026-01-31,ATL,IND,1.5,231.5,28,9,40.3%,✅ 客隊 ATL (受讓),⚠️Strat4:小分差(-0.3%) | ⚠️Strat5:讓分方(-0.2%) | ❌Strat8:淺盤讓分(-4%)
2026-01-31,DAL,HOU,-9.5,221.5,23,8,55.6%,✅ 主隊 HOU (-9.5),Strat3:大分差(21%) | ⚠️Strat5:讓分方(-0.2%)
2026-01-31,NOP,PHI,-9.5,231.5,0,0,77.4%,✅ 主隊 PHI (-9.5),Strat1:信心>60%(14%) | Strat2:信心>65%(19%) | Strat3:大分差(21%) | ⚠️Strat5:讓分方(-0.2%)
2026-01-31,SAS,CHO,3.5,225.5,3,2,54.0%,✅ 主隊 CHO (3.5),⚠️Strat4:小分差(-0.3%) | Strat6:受讓方(13%)
2026-01-31,CHI,MIA,-4.5,235.5,36,41,45.2%,✅ 客隊 CHI (受讓),Strat6:受讓方(13%)
2026-01-31,DAL,HOU,-10.5,221.5,23,8,54.8%,✅ 主隊 HOU (-10.5),Strat3:大分差(21%) | ⚠️Strat5:讓分方(-0.2%)
2026-01-31,CHI,MIA,-5.5,235.5,36,41,45.8%,✅ 客隊 CHI (受讓),Strat6:受讓方(13%)
2026-01-31,MIN,MEM,8.5,229.5,2,30,55.7%,✅ 主隊 MEM (8.5),Strat3:大分差(21%) | Strat6:受讓方(13%) | 💎Strat7:深盤受讓(31%)
2026-01-31,NOP,PHI,-8.5,231.5,0,0,75.5%,✅ 主隊 PHI (-8.5),Strat1:信心>60%(14%) | Strat2:信心>65%(19%) | Strat3:大分差(21%) | ⚠️Strat5:讓分方(-0.2%)
2026-01-31,MIN,MEM,6.5,229.5,2,30,57.5%,✅ 主隊 MEM (6.5),Strat6:受讓方(13%)
2026-01-31,SAS,CHO,5.5,225.5,3,2,52.8%,⏸️ 觀望,Strat6:受讓方(13%)
2026-01-31,CHI,MIA,-6.5,235.5,36,41,44.4%,✅ 客隊 CHI (受讓),Strat6:受讓方(13%)
2026-01-31,MIN,MEM,7.5,229.5,2,30,56.3%,✅ 主隊 MEM (7.5),Strat3:大分差(21%) | Strat6:受讓方(13%)
2026-02-01,LAL,NYK,-3.5,229.5,1,9,68.8%,✅ 主隊 NYK (-3.5),Strat1:信心>60%(14%) | Strat2:信心>65%(19%) | ⚠️Strat4:小分差(-0.3%) | ⚠️Strat5:讓分方(-0.2%) | ❌Strat8:淺盤讓分(-4%)
2026-02-01,CLE,POR,1.5,230.5,29,26,46.6%,✅ 客隊 CLE (受讓),⚠️Strat4:小分差(-0.3%) | ⚠️Strat5:讓分方(-0.2%) | ❌Strat8:淺盤讓分(-4%)
2026-02-01,LAC,PHO,1.5,212.5,11,18,56.3%,✅ 主隊 PHO (1.5),⚠️Strat4:小分差(-0.3%) | Strat6:受讓方(13%)
2026-02-01,ORL,SAS,-4.5,224.5,17,0,60.1%,✅ 主隊 SAS (-4.5),Strat1:信心>60%(14%) | ⚠️Strat5:讓分方(-0.2%) | ❌Strat8:淺盤讓分(-4%)
2026-02-01,ORL,SAS,-6.5,224.5,17,0,65.8%,✅ 主隊 SAS (-6.5),Strat1:信心>60%(14%) | Strat2:信心>65%(19%) | ⚠️Strat5:讓分方(-0.2%)
2026-02-01,CLE,POR,3.5,230.5,29,26,44.4%,✅ 客隊 CLE (受讓),⚠️Strat4:小分差(-0.3%) | ⚠️Strat5:讓分方(-0.2%) | ❌Strat8:淺盤讓分(-4%)
2026-02-01,LAC,PHO,2.5,212.5,11,18,53.8%,✅ 主隊 PHO (2.5),⚠️Strat4:小分差(-0.3%) | Strat6:受讓方(13%)
2026-02-01,OKC,DEN,5.5,222.5,31,31,35.9%,✅ 客隊 OKC (受讓),Strat1:信心>60%(14%) | ⚠️Strat5:讓分方(-0.2%)
2026-02-01,ORL,SAS,-5.5,224.5,17,0,60.1%,✅ 主隊 SAS (-5.5),Strat1:信心>60%(14%) | ⚠️Strat5:讓分方(-0.2%)
2026-02-01,CLE,POR,2.5,230.5,29,26,43.8%,✅ 客隊 CLE (受讓),⚠️Strat4:小分差(-0.3%) | ⚠️Strat5:讓分方(-0.2%) | ❌Strat8:淺盤讓分(-4%)
2026-02-01,LAL,NYK,-5.5,229.5,1,9,70.6%,✅ 主隊 NYK (-5.5),Strat1:信心>60%(14%) | Strat2:信心>65%(19%) | ⚠️Strat5:讓分方(-0.2%)
2026-02-01,LAL,NYK,-4.5,229.5,1,9,70.1%,✅ 主隊 NYK (-4.5),Strat1:信心>60%(14%) | Strat2:信心>65%(19%) | ⚠️Strat5:讓分方(-0.2%) | ❌Strat8:淺盤讓分(-4%)
2026-02-01,SAC,WAS,3.5,229.5,11,35,55.4%,✅ 主隊 WAS (3.5),⚠️Strat4:小分差(-0.3%) | Strat6:受讓方(13%)
2026-02-01,UTA,TOR,-12.5,233.5,15,9,44.5%,✅ 客隊 UTA (受讓),Strat3:大分差(21%) | Strat6:受讓方(13%) | 💎Strat7:深盤受讓(31%)
2026-02-01,LAC,PHO,0.5,212.5,11,18,56.2%,✅ 主隊 PHO (0.5),⚠️Strat4:小分差(-0.3%) | Strat6:受讓方(13%)
2026-02-01,SAC,WAS,2.5,229.5,11,35,55.2%,✅ 主隊 WAS (2.5),⚠️Strat4:小分差(-0.3%) | Strat6:受讓方(13%)
2026-02-01,UTA,TOR,-10.5,233.5,15,9,44.8%,✅ 客隊 UTA (受讓),Strat3:大分差(21%) | Strat6:受讓方(13%) | 💎Strat7:深盤受讓(31%)
2026-02-01,UTA,TOR,-11.5,233.5,15,9,44.5%,✅ 客隊 UTA (受讓),Strat3:大分差(21%) | Strat6:受讓方(13%) | 💎Strat7:深盤受讓(31%)
2026-02-01,CHI,MIA,-5.5,235.5,7,0,62.2%,✅ 主隊 MIA (-5.5),Strat1:信心>60%(14%) | ⚠️Strat5:讓分方(-0.2%)
2026-02-01,CHI,MIA,-3.5,235.5,7,0,58.7%,✅ 主隊 MIA (-3.5),⚠️Strat4:小分差(-0.3%) | ⚠️Strat5:讓分方(-0.2%) | ❌Strat8:淺盤讓分(-4%)
2026-02-01,SAC,WAS,1.5,229.5,11,35,57.9%,✅ 主隊 WAS (1.5),⚠️Strat4:小分差(-0.3%) | Strat6:受讓方(13%)
2026-02-01,BRK,DET,-12.5,215.5,15,0,71.6%,✅ 主隊 DET (-12.5),Strat1:信心>60%(14%) | Strat2:信心>65%(19%) | Strat3:大分差(21%) | ⚠️Strat5:讓分方(-0.2%)
2026-02-01,OKC,DEN,6.5,222.5,31,31,36.2%,✅ 客隊 OKC (受讓),Strat1:信心>60%(14%) | ⚠️Strat5:讓分方(-0.2%)
2026-02-01,BRK,DET,-13.5,215.5,15,0,71.6%,✅ 主隊 DET (-13.5),Strat1:信心>60%(14%) | Strat2:信心>65%(19%) | Strat3:大分差(21%) | ⚠️Strat5:讓分方(-0.2%)
2026-02-01,BRK,DET,-14.5,215.5,15,0,71.6%,✅ 主隊 DET (-14.5),Strat1:信心>60%(14%) | Strat2:信心>65%(19%) | Strat3:大分差(21%) | ⚠️Strat5:讓分方(-0.2%)
2026-02-01,CHI,MIA,-4.5,235.5,7,0,62.2%,✅ 主隊 MIA (-4.5),Strat1:信心>60%(14%) | ⚠️Strat5:讓分方(-0.2%) | ❌Strat8:淺盤讓分(-4%)
2026-02-01,OKC,DEN,4.5,222.5,31,31,36.2%,✅ 客隊 OKC (受讓),Strat1:信心>60%(14%) | ⚠️Strat5:讓分方(-0.2%) | ❌Strat8:淺盤讓分(-4%)
2026-02-01,MIL,BOS,-14.5,216.5,43,0,73.0%,✅ 主隊 BOS (-14.5),Strat1:信心>60%(14%) | Strat2:信心>65%(19%) | Strat3:大分差(21%) | ⚠️Strat5:讓分方(-0.2%)
2026-02-01,MIL,BOS,-12.5,216.5,43,0,73.1%,✅ 主隊 BOS (-12.5),Strat1:信心>60%(14%) | Strat2:信心>65%(19%) | Strat3:大分差(21%) | ⚠️Strat5:讓分方(-0.2%)
2026-02-01,MIL,BOS,-13.5,216.5,43,0,73.1%,✅ 主隊 BOS (-13.5),Strat1:信心>60%(14%) | Strat2:信心>65%(19%) | Strat3:大分差(21%) | ⚠️Strat5:讓分方(-0.2%)
2026-02-02,NOP,CHO,-6.5,231.5,0,2,83.0%,✅ 主隊 CHO (-6.5),Strat1:信心>60%(14%) | Strat2:信心>65%(19%) | ⚠️Strat5:讓分方(-0.2%)
2026-02-02,HOU,IND,6.5,219.5,27,9,51.2%,⏸️ 觀望,Strat6:受讓方(13%)
2026-02-02,PHI,LAC,-3.5,220.5,0,32,78.5%,✅ 主隊 LAC (-3.5),Strat1:信心>60%(14%) | Strat2:信心>65%(19%) | ⚠️Strat4:小分差(-0.3%) | ⚠️Strat5:讓分方(-0.2%) | ❌Strat8:淺盤讓分(-4%)
2026-02-02,PHI,LAC,-1.5,220.5,0,32,76.3%,✅ 主隊 LAC (-1.5),Strat1:信心>60%(14%) | Strat2:信心>65%(19%) | ⚠️Strat4:小分差(-0.3%) | ⚠️Strat5:讓分方(-0.2%) | ❌Strat8:淺盤讓分(-4%)
2026-02-02,HOU,IND,5.5,219.5,27,9,52.1%,⏸️ 觀望,Strat6:受讓方(13%)
2026-02-02,NOP,CHO,-7.5,231.5,0,2,83.3%,✅ 主隊 CHO (-7.5),Strat1:信心>60%(14%) | Strat2:信心>65%(19%) | Strat3:大分差(21%) | ⚠️Strat5:讓分方(-0.2%)
2026-02-02,HOU,IND,7.5,219.5,27,9,50.5%,⏸️ 觀望,Strat3:大分差(21%) | Strat6:受讓方(13%)
2026-02-02,MIN,MEM,7.5,229.5,0,47,40.8%,✅ 客隊 MIN (受讓),Strat3:大分差(21%) | ⚠️Strat5:讓分方(-0.2%)
2026-02-02,NOP,CHO,-5.5,231.5,0,2,83.0%,✅ 主隊 CHO (-5.5),Strat1:信心>60%(14%) | Strat2:信心>65%(19%) | ⚠️Strat5:讓分方(-0.2%)
2026-02-02,MIN,MEM,8.5,229.5,0,47,40.3%,✅ 客隊 MIN (受讓),Strat3:大分差(21%) | ⚠️Strat5:讓分方(-0.2%)
2026-02-02,PHI,LAC,-2.5,220.5,0,32,76.4%,✅ 主隊 LAC (-2.5),Strat1:信心>60%(14%) | Strat2:信心>65%(19%) | ⚠️Strat4:小分差(-0.3%) | ⚠️Strat5:讓分方(-0.2%) | ❌Strat8:淺盤讓分(-4%)
2026-02-02,MIN,MEM,6.5,229.5,0,47,43.5%,✅ 客隊 MIN (受讓),⚠️Strat5:讓分方(-0.2%)
2026-02-03,CHI,MIL,3.5,225.5,38,46,38.1%,✅ 客隊 CHI (受讓),Strat1:信心>60%(14%) | ⚠️Strat4:小分差(-0.3%) | ⚠️Strat5:讓分方(-0.2%) | ❌Strat8:淺盤讓分(-4%)
2026-02-03,CHI,MIL,2.5,225.5,38,46,38.4%,✅ 客隊 CHI (受讓),Strat1:信心>60%(14%) | ⚠️Strat4:小分差(-0.3%) | ⚠️Strat5:讓分方(-0.2%) | ❌Strat8:淺盤讓分(-4%)
2026-02-03,PHI,GSW,-3.5,218.5,0,55,70.5%,✅ 主隊 GSW (-3.5),Strat1:信心>60%(14%) | Strat2:信心>65%(19%) | ⚠️Strat4:小分差(-0.3%) | ⚠️Strat5:讓分方(-0.2%) | ❌Strat8:淺盤讓分(-4%)
2026-02-03,ORL,OKC,-7.5,219.5,17,31,42.7%,✅ 客隊 ORL (受讓),Strat3:大分差(21%) | Strat6:受讓方(13%)
2026-02-03,BOS,DAL,6.5,222.5,0,33,37.0%,✅ 客隊 BOS (受讓),Strat1:信心>60%(14%) | ⚠️Strat5:讓分方(-0.2%)
2026-02-03,ATL,MIA,-3.5,239.5,16,16,56.2%,✅ 主隊 MIA (-3.5),⚠️Strat4:小分差(-0.3%) | ⚠️Strat5:讓分方(-0.2%) | ❌Strat8:淺盤讓分(-4%)
2026-02-03,PHI,GSW,-1.5,218.5,0,55,67.6%,✅ 主隊 GSW (-1.5),Strat1:信心>60%(14%) | Strat2:信心>65%(19%) | ⚠️Strat4:小分差(-0.3%) | ⚠️Strat5:讓分方(-0.2%) | ❌Strat8:淺盤讓分(-4%)
2026-02-03,CHI,MIL,4.5,225.5,38,46,37.1%,✅ 客隊 CHI (受讓),Strat1:信心>60%(14%) | ⚠️Strat5:讓分方(-0.2%) | ❌Strat8:淺盤讓分(-4%)
2026-02-03,ORL,OKC,-8.5,219.5,17,31,42.6%,✅ 客隊 ORL (受讓),Strat3:大分差(21%) | Strat6:受讓方(13%) | 💎Strat7:深盤受讓(31%)
2026-02-03,DEN,DET,-5.5,227.5,23,0,66.0%,✅ 主隊 DET (-5.5),Strat1:信心>60%(14%) | Strat2:信心>65%(19%) | ⚠️Strat5:讓分方(-0.2%)
2026-02-03,ORL,OKC,-6.5,219.5,17,31,43.3%,✅ 客隊 ORL (受讓),Strat6:受讓方(13%)
2026-02-03,BOS,DAL,7.5,222.5,0,33,33.6%,✅ 客隊 BOS (受讓),Strat1:信心>60%(14%) | Strat2:信心>65%(19%) | Strat3:大分差(21%) | ⚠️Strat5:讓分方(-0.2%)
2026-02-03,PHO,POR,3.5,217.5,18,38,60.6%,✅ 主隊 POR (3.5),Strat1:信心>60%(14%) | ⚠️Strat4:小分差(-0.3%) | Strat6:受讓方(13%) | 🥈Strat9:高信受讓(20%)
2026-02-03,BOS,DAL,8.5,222.5,0,33,33.1%,✅ 客隊 BOS (受讓),Strat1:信心>60%(14%) | Strat2:信心>65%(19%) | Strat3:大分差(21%) | ⚠️Strat5:讓分方(-0.2%)
2026-02-03,PHI,GSW,-2.5,218.5,0,55,67.7%,✅ 主隊 GSW (-2.5),Strat1:信心>60%(14%) | Strat2:信心>65%(19%) | ⚠️Strat4:小分差(-0.3%) | ⚠️Strat5:讓分方(-0.2%) | ❌Strat8:淺盤讓分(-4%)
2026-02-03,UTA,IND,-3.5,236.5,45,9,39.3%,✅ 客隊 UTA (受讓),Strat1:信心>60%(14%) | ⚠️Strat4:小分差(-0.3%) | Strat6:受讓方(13%) | 🥈Strat9:高信受讓(20%)
2026-02-03,ATL,MIA,-4.5,239.5,16,16,56.7%,✅ 主隊 MIA (-4.5),⚠️Strat5:讓分方(-0.2%) | ❌Strat8:淺盤讓分(-4%)
2026-02-03,ATL,MIA,-5.5,239.5,16,16,56.3%,✅ 主隊 MIA (-5.5),⚠️Strat5:讓分方(-0.2%)
2026-02-03,NYK,WAS,14.5,228.5,18,35,57.0%,✅ 主隊 WAS (14.5),Strat3:大分差(21%) | Strat6:受讓方(13%) | 💎Strat7:深盤受讓(31%)
2026-02-03,NYK,WAS,12.5,228.5,18,35,57.5%,✅ 主隊 WAS (12.5),Strat3:大分差(21%) | Strat6:受讓方(13%) | 💎Strat7:深盤受讓(31%)
2026-02-03,NYK,WAS,13.5,228.5,18,35,57.0%,✅ 主隊 WAS (13.5),Strat3:大分差(21%) | Strat6:受讓方(13%) | 💎Strat7:深盤受讓(31%)
2026-02-03,UTA,IND,-2.5,236.5,45,9,41.1%,✅ 客隊 UTA (受讓),⚠️Strat4:小分差(-0.3%) | Strat6:受讓方(13%)
2026-02-03,UTA,IND,-4.5,236.5,45,9,39.7%,✅ 客隊 UTA (受讓),Strat1:信心>60%(14%) | Strat6:受讓方(13%) | 🥈Strat9:高信受讓(20%)
2026-02-03,PHO,POR,2.5,217.5,18,38,60.6%,✅ 主隊 POR (2.5),Strat1:信心>60%(14%) | ⚠️Strat4:小分差(-0.3%) | Strat6:受讓方(13%) | 🥈Strat9:高信受讓(20%)
2026-02-03,DEN,DET,-4.5,227.5,23,0,65.8%,✅ 主隊 DET (-4.5),Strat1:信心>60%(14%) | Strat2:信心>65%(19%) | ⚠️Strat5:讓分方(-0.2%) | ❌Strat8:淺盤讓分(-4%)
2026-02-03,LAL,BRK,9.5,222.5,1,0,34.7%,✅ 客隊 LAL (受讓),Strat1:信心>60%(14%) | Strat2:信心>65%(19%) | Strat3:大分差(21%) | ⚠️Strat5:讓分方(-0.2%)
2026-02-03,LAL,BRK,7.5,222.5,1,0,35.4%,✅ 客隊 LAL (受讓),Strat1:信心>60%(14%) | Strat3:大分差(21%) | ⚠️Strat5:讓分方(-0.2%)
2026-02-03,PHO,POR,4.5,217.5,18,38,59.0%,✅ 主隊 POR (4.5),Strat6:受讓方(13%)
2026-02-03,LAL,BRK,8.5,222.5,1,0,34.7%,✅ 客隊 LAL (受讓),Strat1:信心>60%(14%) | Strat2:信心>65%(19%) | Strat3:大分差(21%) | ⚠️Strat5:讓分方(-0.2%)
2026-02-03,DEN,DET,-3.5,227.5,23,0,63.8%,✅ 主隊 DET (-3.5),Strat1:信心>60%(14%) | ⚠️Strat4:小分差(-0.3%) | ⚠️Strat5:讓分方(-0.2%) | ❌Strat8:淺盤讓分(-4%)
2026-02-04,CLE,LAC,0.5,222.5,16,3,58.8%,✅ 主隊 LAC (0.5),⚠️Strat4:小分差(-0.3%) | Strat6:受讓方(13%)
2026-02-04,NOP,MIL,4.5,222.5,0,56,32.5%,✅ 客隊 NOP (受讓),Strat1:信心>60%(14%) | Strat2:信心>65%(19%) | ⚠️Strat5:讓分方(-0.2%) | ❌Strat8:淺盤讓分(-4%)
2026-02-04,MIN,TOR,1.5,224.5,2,9,60.6%,✅ 主隊 TOR (1.5),Strat1:信心>60%(14%) | ⚠️Strat4:小分差(-0.3%) | Strat6:受讓方(13%) | 🥈Strat9:高信受讓(20%)
2026-02-04,BOS,HOU,-6.5,215.5,1,9,63.0%,✅ 主隊 HOU (-6.5),Strat1:信心>60%(14%) | ⚠️Strat5:讓分方(-0.2%)
2026-02-04,MIN,TOR,2.5,224.5,2,9,57.0%,✅ 主隊 TOR (2.5),⚠️Strat4:小分差(-0.3%) | Strat6:受讓方(13%)
2026-02-04,MIN,TOR,0.5,224.5,2,9,60.4%,✅ 主隊 TOR (0.5),Strat1:信心>60%(14%) | ⚠️Strat4:小分差(-0.3%) | Strat6:受讓方(13%) | 🥈Strat9:高信受讓(20%)
2026-02-04,BOS,HOU,-5.5,215.5,1,9,64.6%,✅ 主隊 HOU (-5.5),Strat1:信心>60%(14%) | ⚠️Strat5:讓分方(-0.2%)
2026-02-04,CLE,LAC,2.5,222.5,16,3,57.1%,✅ 主隊 LAC (2.5),⚠️Strat4:小分差(-0.3%) | Strat6:受讓方(13%)
2026-02-04,DEN,NYK,-7.5,226.5,23,18,58.1%,✅ 主隊 NYK (-7.5),Strat3:大分差(21%) | ⚠️Strat5:讓分方(-0.2%)
2026-02-04,BOS,HOU,-4.5,215.5,1,9,63.4%,✅ 主隊 HOU (-4.5),Strat1:信心>60%(14%) | ⚠️Strat5:讓分方(-0.2%) | ❌Strat8:淺盤讓分(-4%)
2026-02-04,MEM,SAC,-1.5,228.5,38,11,50.0%,⏸️ 觀望,⚠️Strat4:小分差(-0.3%) | Strat6:受讓方(13%)
2026-02-04,DEN,NYK,-5.5,226.5,23,18,60.1%,✅ 主隊 NYK (-5.5),Strat1:信心>60%(14%) | ⚠️Strat5:讓分方(-0.2%)
2026-02-04,NOP,MIL,3.5,222.5,0,56,40.1%,✅ 客隊 NOP (受讓),⚠️Strat4:小分差(-0.3%) | ⚠️Strat5:讓分方(-0.2%) | ❌Strat8:淺盤讓分(-4%)
2026-02-04,OKC,SAS,1.5,224.5,25,3,44.7%,✅ 客隊 OKC (受讓),⚠️Strat4:小分差(-0.3%) | ⚠️Strat5:讓分方(-0.2%) | ❌Strat8:淺盤讓分(-4%)
2026-02-04,OKC,SAS,2.5,224.5,25,3,41.2%,✅ 客隊 OKC (受讓),⚠️Strat4:小分差(-0.3%) | ⚠️Strat5:讓分方(-0.2%) | ❌Strat8:淺盤讓分(-4%)
2026-02-04,OKC,SAS,0.5,224.5,25,3,44.3%,✅ 客隊 OKC (受讓),⚠️Strat4:小分差(-0.3%) | ⚠️Strat5:讓分方(-0.2%) | ❌Strat8:淺盤讓分(-4%)
2026-02-04,MEM,SAC,-2.5,228.5,38,11,49.2%,⏸️ 觀望,⚠️Strat4:小分差(-0.3%) | Strat6:受讓方(13%)
2026-02-04,CLE,LAC,1.5,222.5,16,3,59.4%,✅ 主隊 LAC (1.5),⚠️Strat4:小分差(-0.3%) | Strat6:受讓方(13%)
2026-02-04,MEM,SAC,-0.5,228.5,38,11,50.0%,⏸️ 觀望,⚠️Strat4:小分差(-0.3%) | Strat6:受讓方(13%)
2026-02-04,NOP,MIL,5.5,222.5,0,56,32.4%,✅ 客隊 NOP (受讓),Strat1:信心>60%(14%) | Strat2:信心>65%(19%) | ⚠️Strat5:讓分方(-0.2%)
2026-02-04,DEN,NYK,-6.5,226.5,23,18,58.3%,✅ 主隊 NYK (-6.5),⚠️Strat5:讓分方(-0.2%)
2026-02-05,CHI,TOR,-7.5,226.5,7,9,50.5%,⏸️ 觀望,Strat3:大分差(21%) | ⚠️Strat5:讓分方(-0.2%)
2026-02-05,PHI,LAL,-3.5,232.5,0,1,69.7%,✅ 主隊 LAL (-3.5),Strat1:信心>60%(14%) | Strat2:信心>65%(19%) | ⚠️Strat4:小分差(-0.3%) | ⚠️Strat5:讓分方(-0.2%) | ❌Strat8:淺盤讓分(-4%)
2026-02-05,SAS,DAL,7.5,225.5,15,16,42.6%,✅ 客隊 SAS (受讓),Strat3:大分差(21%) | ⚠️Strat5:讓分方(-0.2%)
2026-02-05,GSW,PHO,-6.5,216.5,26,0,64.1%,✅ 主隊 PHO (-6.5),Strat1:信心>60%(14%) | ⚠️Strat5:讓分方(-0.2%)
2026-02-05,CHO,HOU,-2.5,217.5,3,9,45.9%,✅ 客隊 CHO (受讓),⚠️Strat4:小分差(-0.3%) | Strat6:受讓方(13%)
2026-02-05,PHI,LAL,-4.5,232.5,0,1,70.5%,✅ 主隊 LAL (-4.5),Strat1:信心>60%(14%) | Strat2:信心>65%(19%) | ⚠️Strat5:讓分方(-0.2%) | ❌Strat8:淺盤讓分(-4%)
2026-02-05,CHO,HOU,-1.5,217.5,3,9,46.0%,✅ 客隊 CHO (受讓),⚠️Strat4:小分差(-0.3%) | Strat6:受讓方(13%)
2026-02-05,PHI,LAL,-2.5,232.5,0,1,66.9%,✅ 主隊 LAL (-2.5),Strat1:信心>60%(14%) | Strat2:信心>65%(19%) | ⚠️Strat4:小分差(-0.3%) | ⚠️Strat5:讓分方(-0.2%) | ❌Strat8:淺盤讓分(-4%)
2026-02-05,SAS,DAL,5.5,225.5,15,16,43.6%,✅ 客隊 SAS (受讓),⚠️Strat5:讓分方(-0.2%)
2026-02-05,CHO,HOU,-3.5,217.5,3,9,45.2%,✅ 客隊 CHO (受讓),⚠️Strat4:小分差(-0.3%) | Strat6:受讓方(13%)
2026-02-05,UTA,ATL,-9.5,242.5,58,3,55.2%,✅ 主隊 ATL (-9.5),Strat3:大分差(21%) | ⚠️Strat5:讓分方(-0.2%)
2026-02-05,SAS,DAL,6.5,225.5,15,16,43.0%,✅ 客隊 SAS (受讓),⚠️Strat5:讓分方(-0.2%)
2026-02-05,BRK,ORL,-12.5,214.5,8,17,43.2%,✅ 客隊 BRK (受讓),Strat3:大分差(21%) | Strat6:受讓方(13%) | 💎Strat7:深盤受讓(31%)
2026-02-05,GSW,PHO,-7.5,216.5,26,0,65.3%,✅ 主隊 PHO (-7.5),Strat1:信心>60%(14%) | Strat2:信心>65%(19%) | Strat3:大分差(21%) | ⚠️Strat5:讓分方(-0.2%)
2026-02-05,BRK,ORL,-10.5,214.5,8,17,44.1%,✅ 客隊 BRK (受讓),Strat3:大分差(21%) | Strat6:受讓方(13%) | 💎Strat7:深盤受讓(31%)
2026-02-05,BRK,ORL,-11.5,214.5,8,17,43.0%,✅ 客隊 BRK (受讓),Strat3:大分差(21%) | Strat6:受讓方(13%) | 💎Strat7:深盤受讓(31%)
2026-02-05,WAS,DET,-13.5,226.5,48,31,42.2%,✅ 客隊 WAS (受讓),Strat3:大分差(21%) | Strat6:受讓方(13%) | 💎Strat7:深盤受讓(31%)
2026-02-05,CHI,TOR,-9.5,226.5,7,9,50.3%,⏸️ 觀望,Strat3:大分差(21%) | ⚠️Strat5:讓分方(-0.2%)
2026-02-05,CHI,TOR,-8.5,226.5,7,9,50.3%,⏸️ 觀望,Strat3:大分差(21%) | ⚠️Strat5:讓分方(-0.2%)
2026-02-05,WAS,DET,-15.5,226.5,48,31,42.2%,✅ 客隊 WAS (受讓),Strat3:大分差(21%) | Strat6:受讓方(13%) | 💎Strat7:深盤受讓(31%)
2026-02-05,UTA,ATL,-8.5,242.5,58,3,55.5%,✅ 主隊 ATL (-8.5),Strat3:大分差(21%) | ⚠️Strat5:讓分方(-0.2%)
2026-02-05,GSW,PHO,-5.5,216.5,26,0,59.9%,✅ 主隊 PHO (-5.5),⚠️Strat5:讓分方(-0.2%)
2026-02-05,WAS,DET,-14.5,226.5,48,31,42.2%,✅ 客隊 WAS (受讓),Strat3:大分差(21%) | Strat6:受讓方(13%) | 💎Strat7:深盤受讓(31%)
2026-02-05,UTA,ATL,-10.5,242.5,58,3,54.5%,✅ 主隊 ATL (-10.5),Strat3:大分差(21%) | ⚠️Strat5:讓分方(-0.2%)
2026-02-06,MIA,BOS,-7.5,230.5,0,0,80.5%,✅ 主隊 BOS (-7.5),Strat1:信心>60%(14%) | Strat2:信心>65%(19%) | Strat3:大分差(21%) | ⚠️Strat5:讓分方(-0.2%)
2026-02-06,LAC,SAC,2.5,222.5,3,11,42.1%,✅ 客隊 LAC (受讓),⚠️Strat4:小分差(-0.3%) | ⚠️Strat5:讓分方(-0.2%) | ❌Strat8:淺盤讓分(-4%)
2026-02-06,NYK,DET,0.5,223.5,9,0,62.3%,✅ 主隊 DET (0.5),Strat1:信心>60%(14%) | ⚠️Strat4:小分差(-0.3%) | Strat6:受讓方(13%) | 🥈Strat9:高信受讓(20%)
2026-02-06,NYK,DET,2.5,223.5,9,0,55.9%,✅ 主隊 DET (2.5),⚠️Strat4:小分差(-0.3%) | Strat6:受讓方(13%)
2026-02-06,IND,MIL,0.5,224.5,9,28,39.2%,✅ 客隊 IND (受讓),Strat1:信心>60%(14%) | ⚠️Strat4:小分差(-0.3%) | ⚠️Strat5:讓分方(-0.2%) | ❌Strat8:淺盤讓分(-4%)
2026-02-06,IND,MIL,1.5,224.5,9,28,40.1%,✅ 客隊 IND (受讓),⚠️Strat4:小分差(-0.3%) | ⚠️Strat5:讓分方(-0.2%) | ❌Strat8:淺盤讓分(-4%)
2026-02-06,MIA,BOS,-6.5,230.5,0,0,79.1%,✅ 主隊 BOS (-6.5),Strat1:信心>60%(14%) | Strat2:信心>65%(19%) | ⚠️Strat5:讓分方(-0.2%)
2026-02-06,NYK,DET,1.5,223.5,9,0,62.2%,✅ 主隊 DET (1.5),Strat1:信心>60%(14%) | ⚠️Strat4:小分差(-0.3%) | Strat6:受讓方(13%) | 🥈Strat9:高信受讓(20%)
2026-02-06,LAC,SAC,4.5,222.5,3,11,43.4%,✅ 客隊 LAC (受讓),⚠️Strat5:讓分方(-0.2%) | ❌Strat8:淺盤讓分(-4%)
2026-02-06,NOP,MIN,-10.5,236.5,0,2,68.8%,✅ 主隊 MIN (-10.5),Strat1:信心>60%(14%) | Strat2:信心>65%(19%) | Strat3:大分差(21%) | ⚠️Strat5:讓分方(-0.2%)
2026-02-06,IND,MIL,2.5,224.5,9,28,36.7%,✅ 客隊 IND (受讓),Strat1:信心>60%(14%) | ⚠️Strat4:小分差(-0.3%) | ⚠️Strat5:讓分方(-0.2%) | ❌Strat8:淺盤讓分(-4%)
2026-02-06,NOP,MIN,-9.5,236.5,0,2,70.0%,✅ 主隊 MIN (-9.5),Strat1:信心>60%(14%) | Strat2:信心>65%(19%) | Strat3:大分差(21%) | ⚠️Strat5:讓分方(-0.2%)
2026-02-06,MIA,BOS,-5.5,230.5,0,0,76.1%,✅ 主隊 BOS (-5.5),Strat1:信心>60%(14%) | Strat2:信心>65%(19%) | ⚠️Strat5:讓分方(-0.2%)
2026-02-06,MEM,POR,-7.5,233.5,63,12,49.9%,⏸️ 觀望,Strat3:大分差(21%) | Strat6:受讓方(13%)
2026-02-06,LAC,SAC,3.5,222.5,3,11,42.5%,✅ 客隊 LAC (受讓),⚠️Strat4:小分差(-0.3%) | ⚠️Strat5:讓分方(-0.2%) | ❌Strat8:淺盤讓分(-4%)
2026-02-06,MEM,POR,-6.5,233.5,63,12,52.8%,⏸️ 觀望,⚠️Strat5:讓分方(-0.2%)
2026-02-06,MEM,POR,-8.5,233.5,63,12,50.5%,⏸️ 觀望,Strat3:大分差(21%) | ⚠️Strat5:讓分方(-0.2%)
2026-02-06,NOP,MIN,-11.5,236.5,0,2,68.7%,✅ 主隊 MIN (-11.5),Strat1:信心>60%(14%) | Strat2:信心>65%(19%) | Strat3:大分差(21%) | ⚠️Strat5:讓分方(-0.2%)
2026-02-07,MEM,POR,-8.5,235.5,30,6,58.0%,✅ 主隊 POR (-8.5),Strat3:大分差(21%) | ⚠️Strat5:讓分方(-0.2%)
2026-02-07,UTA,ORL,-9.5,237.5,15,17,39.9%,✅ 客隊 UTA (受讓),Strat1:信心>60%(14%) | Strat3:大分差(21%) | Strat6:受讓方(13%) | 💎Strat7:深盤受讓(31%) | 🥈Strat9:高信受讓(20%)
2026-02-07,DEN,CHI,6.5,232.5,31,38,45.7%,✅ 客隊 DEN (受讓),⚠️Strat5:讓分方(-0.2%)
2026-02-07,GSW,LAL,-3.5,222.5,60,26,58.5%,✅ 主隊 LAL (-3.5),⚠️Strat4:小分差(-0.3%) | ⚠️Strat5:讓分方(-0.2%) | ❌Strat8:淺盤讓分(-4%)
2026-02-07,PHI,PHO,-2.5,222.5,0,15,70.9%,✅ 主隊 PHO (-2.5),Strat1:信心>60%(14%) | Strat2:信心>65%(19%) | ⚠️Strat4:小分差(-0.3%) | ⚠️Strat5:讓分方(-0.2%) | ❌Strat8:淺盤讓分(-4%)
2026-02-07,CLE,SAC,12.5,233.5,16,11,32.6%,✅ 客隊 CLE (受讓),Strat1:信心>60%(14%) | Strat2:信心>65%(19%) | Strat3:大分差(21%) | ⚠️Strat5:讓分方(-0.2%)
2026-02-07,PHI,PHO,-1.5,222.5,0,15,70.8%,✅ 主隊 PHO (-1.5),Strat1:信心>60%(14%) | Strat2:信心>65%(19%) | ⚠️Strat4:小分差(-0.3%) | ⚠️Strat5:讓分方(-0.2%) | ❌Strat8:淺盤讓分(-4%)
2026-02-07,MEM,POR,-9.5,235.5,30,6,58.0%,✅ 主隊 POR (-9.5),Strat3:大分差(21%) | ⚠️Strat5:讓分方(-0.2%)
2026-02-07,MEM,POR,-7.5,235.5,30,6,57.6%,✅ 主隊 POR (-7.5),Strat3:大分差(21%) | ⚠️Strat5:讓分方(-0.2%)
2026-02-07,CHO,ATL,2.5,231.5,19,8,44.1%,✅ 客隊 CHO (受讓),⚠️Strat4:小分差(-0.3%) | ⚠️Strat5:讓分方(-0.2%) | ❌Strat8:淺盤讓分(-4%)
2026-02-07,PHI,PHO,-0.5,222.5,0,15,70.8%,✅ 主隊 PHO (-0.5),Strat1:信心>60%(14%) | Strat2:信心>65%(19%) | ⚠️Strat4:小分差(-0.3%) | ⚠️Strat5:讓分方(-0.2%) | ❌Strat8:淺盤讓分(-4%)
2026-02-07,DEN,CHI,5.5,232.5,31,38,46.1%,✅ 客隊 DEN (受讓),⚠️Strat5:讓分方(-0.2%)
2026-02-07,DEN,CHI,4.5,232.5,31,38,46.5%,✅ 客隊 DEN (受讓),⚠️Strat5:讓分方(-0.2%) | ❌Strat8:淺盤讓分(-4%)
2026-02-07,GSW,LAL,-1.5,222.5,60,26,60.0%,✅ 主隊 LAL (-1.5),Strat1:信心>60%(14%) | ⚠️Strat4:小分差(-0.3%) | ⚠️Strat5:讓分方(-0.2%) | ❌Strat8:淺盤讓分(-4%)
2026-02-07,GSW,LAL,-2.5,222.5,60,26,59.6%,✅ 主隊 LAL (-2.5),⚠️Strat4:小分差(-0.3%) | ⚠️Strat5:讓分方(-0.2%) | ❌Strat8:淺盤讓分(-4%)
2026-02-07,WAS,BRK,-5.5,219.5,52,0,58.7%,✅ 主隊 BRK (-5.5),⚠️Strat5:讓分方(-0.2%)
2026-02-07,WAS,BRK,-6.5,219.5,52,0,64.6%,✅ 主隊 BRK (-6.5),Strat1:信心>60%(14%) | ⚠️Strat5:讓分方(-0.2%)
2026-02-07,WAS,BRK,-4.5,219.5,52,0,58.7%,✅ 主隊 BRK (-4.5),⚠️Strat5:讓分方(-0.2%) | ❌Strat8:淺盤讓分(-4%)
2026-02-07,UTA,ORL,-7.5,237.5,15,17,40.1%,✅ 客隊 UTA (受讓),Strat3:大分差(21%) | Strat6:受讓方(13%)
2026-02-07,CHO,ATL,0.5,231.5,19,8,48.0%,⏸️ 觀望,⚠️Strat4:小分差(-0.3%) | ⚠️Strat5:讓分方(-0.2%) | ❌Strat8:淺盤讓分(-4%)
2026-02-07,CLE,SAC,11.5,233.5,16,11,32.1%,✅ 客隊 CLE (受讓),Strat1:信心>60%(14%) | Strat2:信心>65%(19%) | Strat3:大分差(21%) | ⚠️Strat5:讓分方(-0.2%)
2026-02-07,CLE,SAC,13.5,233.5,16,11,32.8%,✅ 客隊 CLE (受讓),Strat1:信心>60%(14%) | Strat2:信心>65%(19%) | Strat3:大分差(21%) | ⚠️Strat5:讓分方(-0.2%)
2026-02-07,HOU,OKC,-1.5,211.5,10,52,53.9%,✅ 主隊 OKC (-1.5),⚠️Strat4:小分差(-0.3%) | ⚠️Strat5:讓分方(-0.2%) | ❌Strat8:淺盤讓分(-4%)
2026-02-07,HOU,OKC,-2.5,211.5,10,52,53.1%,✅ 主隊 OKC (-2.5),⚠️Strat4:小分差(-0.3%) | ⚠️Strat5:讓分方(-0.2%) | ❌Strat8:淺盤讓分(-4%)
2026-02-07,CHO,ATL,1.5,231.5,19,8,48.2%,⏸️ 觀望,⚠️Strat4:小分差(-0.3%) | ⚠️Strat5:讓分方(-0.2%) | ❌Strat8:淺盤讓分(-4%)
2026-02-07,DAL,SAS,-10.5,230.5,13,1,52.4%,⏸️ 觀望,Strat3:大分差(21%) | ⚠️Strat5:讓分方(-0.2%)
2026-02-07,UTA,ORL,-8.5,237.5,15,17,39.9%,✅ 客隊 UTA (受讓),Strat1:信心>60%(14%) | Strat3:大分差(21%) | Strat6:受讓方(13%) | 💎Strat7:深盤受讓(31%) | 🥈Strat9:高信受讓(20%)
2026-02-07,DAL,SAS,-11.5,230.5,13,1,51.7%,⏸️ 觀望,Strat3:大分差(21%) | ⚠️Strat5:讓分方(-0.2%)
2026-02-07,DAL,SAS,-9.5,230.5,13,1,52.4%,⏸️ 觀望,Strat3:大分差(21%) | ⚠️Strat5:讓分方(-0.2%)
2026-02-07,HOU,OKC,-3.5,211.5,10,52,51.7%,⏸️ 觀望,⚠️Strat4:小分差(-0.3%) | ⚠️Strat5:讓分方(-0.2%) | ❌Strat8:淺盤讓分(-4%)
2026-02-08,MIA,WAS,9.5,235.5,24,39,38.0%,✅ 客隊 MIA (受讓),Strat1:信心>60%(14%) | Strat3:大分差(21%) | ⚠️Strat5:讓分方(-0.2%)
2026-02-08,MIA,WAS,10.5,235.5,24,39,38.1%,✅ 客隊 MIA (受讓),Strat1:信心>60%(14%) | Strat3:大分差(21%) | ⚠️Strat5:讓分方(-0.2%)
2026-02-08,NYK,BOS,-3.5,214.5,9,0,70.0%,✅ 主隊 BOS (-3.5),Strat1:信心>60%(14%) | Strat2:信心>65%(19%) | ⚠️Strat4:小分差(-0.3%) | ⚠️Strat5:讓分方(-0.2%) | ❌Strat8:淺盤讓分(-4%)
2026-02-08,IND,TOR,-9.5,224.5,25,0,72.3%,✅ 主隊 TOR (-9.5),Strat1:信心>60%(14%) | Strat2:信心>65%(19%) | Strat3:大分差(21%) | ⚠️Strat5:讓分方(-0.2%)
2026-02-08,NYK,BOS,-4.5,214.5,9,0,72.3%,✅ 主隊 BOS (-4.5),Strat1:信心>60%(14%) | Strat2:信心>65%(19%) | ⚠️Strat5:讓分方(-0.2%) | ❌Strat8:淺盤讓分(-4%)
2026-02-08,IND,TOR,-7.5,224.5,25,0,71.8%,✅ 主隊 TOR (-7.5),Strat1:信心>60%(14%) | Strat2:信心>65%(19%) | Strat3:大分差(21%) | ⚠️Strat5:讓分方(-0.2%)
2026-02-08,NYK,BOS,-2.5,214.5,9,0,66.2%,✅ 主隊 BOS (-2.5),Strat1:信心>60%(14%) | Strat2:信心>65%(19%) | ⚠️Strat4:小分差(-0.3%) | ⚠️Strat5:讓分方(-0.2%) | ❌Strat8:淺盤讓分(-4%)
2026-02-08,MIA,WAS,11.5,235.5,24,39,38.6%,✅ 客隊 MIA (受讓),Strat1:信心>60%(14%) | Strat3:大分差(21%) | ⚠️Strat5:讓分方(-0.2%)
2026-02-08,LAC,MIN,-9.5,222.5,34,2,62.2%,✅ 主隊 MIN (-9.5),Strat1:信心>60%(14%) | Strat3:大分差(21%) | ⚠️Strat5:讓分方(-0.2%)
2026-02-08,IND,TOR,-8.5,224.5,25,0,72.2%,✅ 主隊 TOR (-8.5),Strat1:信心>60%(14%) | Strat2:信心>65%(19%) | Strat3:大分差(21%) | ⚠️Strat5:讓分方(-0.2%)
2026-02-08,LAC,MIN,-8.5,222.5,34,2,62.0%,✅ 主隊 MIN (-8.5),Strat1:信心>60%(14%) | Strat3:大分差(21%) | ⚠️Strat5:讓分方(-0.2%)
2026-02-08,LAC,MIN,-7.5,222.5,34,2,62.4%,✅ 主隊 MIN (-7.5),Strat1:信心>60%(14%) | Strat3:大分差(21%) | ⚠️Strat5:讓分方(-0.2%)
2026-02-09,CLE,DEN,0.5,235.5,16,31,37.8%,✅ 客隊 CLE (受讓),Strat1:信心>60%(14%) | ⚠️Strat4:小分差(-0.3%) | ⚠️Strat5:讓分方(-0.2%) | ❌Strat8:淺盤讓分(-4%)
2026-02-09,ATL,MIN,-6.5,236.5,8,2,46.0%,✅ 客隊 ATL (受讓),Strat6:受讓方(13%)
2026-02-09,SAC,NOP,-7.5,230.5,40,0,68.4%,✅ 主隊 NOP (-7.5),Strat1:信心>60%(14%) | Strat2:信心>65%(19%) | Strat3:大分差(21%) | ⚠️Strat5:讓分方(-0.2%)
2026-02-09,SAC,NOP,-5.5,230.5,40,0,61.8%,✅ 主隊 NOP (-5.5),Strat1:信心>60%(14%) | ⚠️Strat5:讓分方(-0.2%)
2026-02-09,CLE,DEN,1.5,235.5,16,31,38.7%,✅ 客隊 CLE (受讓),Strat1:信心>60%(14%) | ⚠️Strat4:小分差(-0.3%) | ⚠️Strat5:讓分方(-0.2%) | ❌Strat8:淺盤讓分(-4%)
2026-02-09,CLE,DEN,2.5,235.5,16,31,35.1%,✅ 客隊 CLE (受讓),Strat1:信心>60%(14%) | ⚠️Strat4:小分差(-0.3%) | ⚠️Strat5:讓分方(-0.2%) | ❌Strat8:淺盤讓分(-4%)
2026-02-09,ATL,MIN,-5.5,236.5,8,2,46.4%,✅ 客隊 ATL (受讓),Strat6:受讓方(13%)
2026-02-09,SAC,NOP,-6.5,230.5,40,0,67.1%,✅ 主隊 NOP (-6.5),Strat1:信心>60%(14%) | Strat2:信心>65%(19%) | ⚠️Strat5:讓分方(-0.2%)
2026-02-09,OKC,LAL,5.5,219.5,26,1,40.9%,✅ 客隊 OKC (受讓),⚠️Strat5:讓分方(-0.2%)
2026-02-09,OKC,LAL,4.5,219.5,26,1,41.5%,✅ 客隊 OKC (受讓),⚠️Strat5:讓分方(-0.2%) | ❌Strat8:淺盤讓分(-4%)
2026-02-09,OKC,LAL,6.5,219.5,26,1,42.4%,✅ 客隊 OKC (受讓),⚠️Strat5:讓分方(-0.2%)
2026-02-09,PHI,POR,3.5,230.5,0,6,56.4%,✅ 主隊 POR (3.5),⚠️Strat4:小分差(-0.3%) | Strat6:受讓方(13%)
2026-02-09,MEM,GSW,-7.5,223.5,41,26,42.3%,✅ 客隊 MEM (受讓),Strat3:大分差(21%) | Strat6:受讓方(13%)
2026-02-09,MEM,GSW,-8.5,223.5,41,26,42.3%,✅ 客隊 MEM (受讓),Strat3:大分差(21%) | Strat6:受讓方(13%) | 💎Strat7:深盤受讓(31%)
2026-02-09,MEM,GSW,-6.5,223.5,41,26,42.3%,✅ 客隊 MEM (受讓),Strat6:受讓方(13%)
2026-02-09,PHI,POR,4.5,230.5,0,6,49.4%,⏸️ 觀望,⚠️Strat5:讓分方(-0.2%) | ❌Strat8:淺盤讓分(-4%)
2026-02-09,CHI,BRK,2.5,223.5,38,25,36.1%,✅ 客隊 CHI (受讓),Strat1:信心>60%(14%) | ⚠️Strat4:小分差(-0.3%) | ⚠️Strat5:讓分方(-0.2%) | ❌Strat8:淺盤讓分(-4%)
2026-02-09,MIL,ORL,-8.5,218.5,28,0,64.0%,✅ 主隊 ORL (-8.5),Strat1:信心>60%(14%) | Strat3:大分差(21%) | ⚠️Strat5:讓分方(-0.2%)
2026-02-09,MIL,ORL,-10.5,218.5,28,0,64.1%,✅ 主隊 ORL (-10.5),Strat1:信心>60%(14%) | Strat3:大分差(21%) | ⚠️Strat5:讓分方(-0.2%)
2026-02-09,MIL,ORL,-9.5,218.5,28,0,64.1%,✅ 主隊 ORL (-9.5),Strat1:信心>60%(14%) | Strat3:大分差(21%) | ⚠️Strat5:讓分方(-0.2%)
2026-02-09,UTA,MIA,-7.5,242.5,33,24,55.3%,✅ 主隊 MIA (-7.5),Strat3:大分差(21%) | ⚠️Strat5:讓分方(-0.2%)
2026-02-09,UTA,MIA,-8.5,242.5,33,24,54.2%,✅ 主隊 MIA (-8.5),Strat3:大分差(21%) | ⚠️Strat5:讓分方(-0.2%)
2026-02-09,CHI,BRK,4.5,223.5,38,25,37.6%,✅ 客隊 CHI (受讓),Strat1:信心>60%(14%) | ⚠️Strat5:讓分方(-0.2%) | ❌Strat8:淺盤讓分(-4%)
2026-02-09,UTA,MIA,-9.5,242.5,33,24,54.2%,✅ 主隊 MIA (-9.5),Strat3:大分差(21%) | ⚠️Strat5:讓分方(-0.2%)
2026-02-09,CHI,BRK,3.5,223.5,38,25,36.9%,✅ 客隊 CHI (受讓),Strat1:信心>60%(14%) | ⚠️Strat4:小分差(-0.3%) | ⚠️Strat5:讓分方(-0.2%) | ❌Strat8:淺盤讓分(-4%)
2026-02-09,DET,CHO,2.5,223.5,0,15,51.5%,⏸️ 觀望,⚠️Strat4:小分差(-0.3%) | Strat6:受讓方(13%)
2026-02-09,DET,CHO,3.5,223.5,0,15,51.5%,⏸️ 觀望,⚠️Strat4:小分差(-0.3%) | Strat6:受讓方(13%)
2026-02-09,PHI,POR,2.5,230.5,0,6,56.4%,✅ 主隊 POR (2.5),⚠️Strat4:小分差(-0.3%) | Strat6:受讓方(13%)
2026-02-09,ATL,MIN,-7.5,236.5,8,2,46.7%,✅ 客隊 ATL (受讓),Strat3:大分差(21%) | Strat6:受讓方(13%)
2026-02-09,DET,CHO,4.5,223.5,0,15,46.4%,✅ 客隊 DET (受讓),⚠️Strat5:讓分方(-0.2%) | ❌Strat8:淺盤讓分(-4%)
2026-02-10,IND,NYK,-13.5,223.5,13,18,47.1%,⏸️ 觀望,Strat3:大分差(21%) | Strat6:受讓方(13%) | 💎Strat7:深盤受讓(31%)
2026-02-10,SAS,LAL,9.5,229.5,1,26,41.9%,✅ 客隊 SAS (受讓),Strat3:大分差(21%) | ⚠️Strat5:讓分方(-0.2%)
2026-02-10,LAC,HOU,-8.5,209.5,16,8,51.8%,⏸️ 觀望,Strat3:大分差(21%) | ⚠️Strat5:讓分方(-0.2%)
2026-02-10,SAS,LAL,7.5,229.5,1,26,42.5%,✅ 客隊 SAS (受讓),Strat3:大分差(21%) | ⚠️Strat5:讓分方(-0.2%)
2026-02-10,LAC,HOU,-7.5,209.5,16,8,52.1%,⏸️ 觀望,Strat3:大分差(21%) | ⚠️Strat5:讓分方(-0.2%)
2026-02-10,IND,NYK,-12.5,223.5,13,18,47.1%,⏸️ 觀望,Strat3:大分差(21%) | Strat6:受讓方(13%) | 💎Strat7:深盤受讓(31%)
2026-02-10,LAC,HOU,-6.5,209.5,16,8,51.1%,⏸️ 觀望,⚠️Strat5:讓分方(-0.2%)
2026-02-10,DAL,PHO,-7.5,227.5,12,19,52.9%,⏸️ 觀望,Strat3:大分差(21%) | ⚠️Strat5:讓分方(-0.2%)
2026-02-10,DAL,PHO,-8.5,227.5,12,19,52.4%,⏸️ 觀望,Strat3:大分差(21%) | ⚠️Strat5:讓分方(-0.2%)
2026-02-10,DAL,PHO,-6.5,227.5,12,19,53.1%,✅ 主隊 PHO (-6.5),⚠️Strat5:讓分方(-0.2%)
2026-02-10,SAS,LAL,8.5,229.5,1,26,41.9%,✅ 客隊 SAS (受讓),Strat3:大分差(21%) | ⚠️Strat5:讓分方(-0.2%)
2026-02-10,IND,NYK,-11.5,223.5,13,18,47.5%,⏸️ 觀望,Strat3:大分差(21%) | Strat6:受讓方(13%) | 💎Strat7:深盤受讓(31%)
2026-02-11,LAC,HOU,-9.5,209.5,16,8,51.4%,⏸️ 觀望,Strat3:大分差(21%) | ⚠️Strat5:讓分方(-0.2%)
2026-02-11,LAC,HOU,-7.5,209.5,16,8,52.4%,⏸️ 觀望,Strat3:大分差(21%) | ⚠️Strat5:讓分方(-0.2%)
2026-02-11,POR,MIN,-7.5,237.5,25,2,52.1%,⏸️ 觀望,Strat3:大分差(21%) | ⚠️Strat5:讓分方(-0.2%)
2026-02-11,POR,MIN,-8.5,237.5,25,2,51.9%,⏸️ 觀望,Strat3:大分差(21%) | ⚠️Strat5:讓分方(-0.2%)
2026-02-11,POR,MIN,-6.5,237.5,25,2,51.4%,⏸️ 觀望,⚠️Strat5:讓分方(-0.2%)
2026-02-11,MIA,NOP,-1.5,232.5,40,0,52.9%,⏸️ 觀望,⚠️Strat4:小分差(-0.3%) | ⚠️Strat5:讓分方(-0.2%) | ❌Strat8:淺盤讓分(-4%)
2026-02-11,MIA,NOP,-2.5,232.5,40,0,55.2%,✅ 主隊 NOP (-2.5),⚠️Strat4:小分差(-0.3%) | ⚠️Strat5:讓分方(-0.2%) | ❌Strat8:淺盤讓分(-4%)
2026-02-11,MIA,NOP,-0.5,232.5,40,0,52.9%,⏸️ 觀望,⚠️Strat4:小分差(-0.3%) | ⚠️Strat5:讓分方(-0.2%) | ❌Strat8:淺盤讓分(-4%)
2026-02-11,MEM,DEN,-13.5,236.5,58,26,58.1%,✅ 主隊 DEN (-13.5),Strat3:大分差(21%) | ⚠️Strat5:讓分方(-0.2%)
2026-02-11,MEM,DEN,-12.5,236.5,58,26,58.1%,✅ 主隊 DEN (-12.5),Strat3:大分差(21%) | ⚠️Strat5:讓分方(-0.2%)
2026-02-11,SAS,GSW,6.5,219.5,1,59,36.5%,✅ 客隊 SAS (受讓),Strat1:信心>60%(14%) | ⚠️Strat5:讓分方(-0.2%)
2026-02-11,OKC,PHO,7.5,217.5,38,19,50.2%,⏸️ 觀望,Strat3:大分差(21%) | Strat6:受讓方(13%)
2026-02-11,OKC,PHO,6.5,217.5,38,19,50.8%,⏸️ 觀望,Strat6:受讓方(13%)
2026-02-11,OKC,PHO,8.5,217.5,38,19,49.9%,⏸️ 觀望,Strat3:大分差(21%) | ⚠️Strat5:讓分方(-0.2%)
2026-02-11,SAC,UTA,-6.5,231.5,66,33,53.6%,✅ 主隊 UTA (-6.5),⚠️Strat5:讓分方(-0.2%)
2026-02-11,SAC,UTA,-7.5,231.5,66,33,55.4%,✅ 主隊 UTA (-7.5),Strat3:大分差(21%) | ⚠️Strat5:讓分方(-0.2%)
2026-02-11,SAC,UTA,-5.5,231.5,66,33,55.2%,✅ 主隊 UTA (-5.5),⚠️Strat5:讓分方(-0.2%)
2026-02-11,LAC,HOU,-8.5,209.5,16,8,51.4%,⏸️ 觀望,Strat3:大分差(21%) | ⚠️Strat5:讓分方(-0.2%)
2026-02-11,MEM,DEN,-14.5,236.5,58,26,58.1%,✅ 主隊 DEN (-14.5),Strat3:大分差(21%) | ⚠️Strat5:讓分方(-0.2%)
2026-02-11,DET,TOR,2.5,223.5,6,8,49.2%,⏸️ 觀望,⚠️Strat4:小分差(-0.3%) | ⚠️Strat5:讓分方(-0.2%) | ❌Strat8:淺盤讓分(-4%)
2026-02-11,MIL,ORL,-11.5,220.5,28,0,68.3%,✅ 主隊 ORL (-11.5),Strat1:信心>60%(14%) | Strat2:信心>65%(19%) | Strat3:大分差(21%) | ⚠️Strat5:讓分方(-0.2%)
2026-02-11,DET,TOR,1.5,223.5,6,8,52.9%,⏸️ 觀望,⚠️Strat4:小分差(-0.3%) | Strat6:受讓方(13%)
2026-02-11,SAS,GSW,5.5,219.5,1,59,37.5%,✅ 客隊 SAS (受讓),Strat1:信心>60%(14%) | ⚠️Strat5:讓分方(-0.2%)
2026-02-11,ATL,CHO,-5.5,232.5,8,15,63.6%,✅ 主隊 CHO (-5.5),Strat1:信心>60%(14%) | ⚠️Strat5:讓分方(-0.2%)
2026-02-11,ATL,CHO,-6.5,232.5,8,15,61.7%,✅ 主隊 CHO (-6.5),Strat1:信心>60%(14%) | ⚠️Strat5:讓分方(-0.2%)
2026-02-11,ATL,CHO,-4.5,232.5,8,15,63.1%,✅ 主隊 CHO (-4.5),Strat1:信心>60%(14%) | ⚠️Strat5:讓分方(-0.2%) | ❌Strat8:淺盤讓分(-4%)
2026-02-11,WAS,CLE,-17.5,237.5,46,22,28.7%,✅ 客隊 WAS (受讓),Strat1:信心>60%(14%) | Strat2:信心>65%(19%) | Strat3:大分差(21%) | Strat6:受讓方(13%) | 💎Strat7:深盤受讓(31%) | 🥈Strat9:高信受讓(20%)
2026-02-11,WAS,CLE,-18.5,237.5,46,22,28.7%,✅ 客隊 WAS (受讓),Strat1:信心>60%(14%) | Strat2:信心>65%(19%) | Strat3:大分差(21%) | Strat6:受讓方(13%) | 💎Strat7:深盤受讓(31%) | 🥈Strat9:高信受讓(20%)
2026-02-11,WAS,CLE,-16.5,237.5,46,22,29.1%,✅ 客隊 WAS (受讓),Strat1:信心>60%(14%) | Strat2:信心>65%(19%) | Strat3:大分差(21%) | Strat6:受讓方(13%) | 💎Strat7:深盤受讓(31%) | 🥈Strat9:高信受讓(20%)
2026-02-11,MIL,ORL,-10.5,220.5,28,0,66.9%,✅ 主隊 ORL (-10.5),Strat1:信心>60%(14%) | Strat2:信心>65%(19%) | Strat3:大分差(21%) | ⚠️Strat5:讓分方(-0.2%)
2026-02-11,DET,TOR,0.5,223.5,6,8,52.3%,⏸️ 觀望,⚠️Strat4:小分差(-0.3%) | Strat6:受讓方(13%)
2026-02-11,MIL,ORL,-9.5,220.5,28,0,66.9%,✅ 主隊 ORL (-9.5),Strat1:信心>60%(14%) | Strat2:信心>65%(19%) | Strat3:大分差(21%) | ⚠️Strat5:讓分方(-0.2%)
2026-02-11,CHI,BOS,-14.5,225.5,47,0,77.2%,✅ 主隊 BOS (-14.5),Strat1:信心>60%(14%) | Strat2:信心>65%(19%) | Strat3:大分差(21%) | ⚠️Strat5:讓分方(-0.2%)
2026-02-11,CHI,BOS,-12.5,225.5,47,0,77.3%,✅ 主隊 BOS (-12.5),Strat1:信心>60%(14%) | Strat2:信心>65%(19%) | Strat3:大分差(21%) | ⚠️Strat5:讓分方(-0.2%)
2026-02-11,IND,BRK,-4.5,214.5,34,18,52.2%,⏸️ 觀望,⚠️Strat5:讓分方(-0.2%) | ❌Strat8:淺盤讓分(-4%)
2026-02-11,IND,BRK,-5.5,214.5,34,18,52.6%,⏸️ 觀望,⚠️Strat5:讓分方(-0.2%)
2026-02-11,IND,BRK,-3.5,214.5,34,18,51.7%,⏸️ 觀望,⚠️Strat4:小分差(-0.3%) | ⚠️Strat5:讓分方(-0.2%) | ❌Strat8:淺盤讓分(-4%)
2026-02-11,NYK,PHI,-2.5,222.5,31,0,56.7%,✅ 主隊 PHI (-2.5),⚠️Strat4:小分差(-0.3%) | ⚠️Strat5:讓分方(-0.2%) | ❌Strat8:淺盤讓分(-4%)
2026-02-11,NYK,PHI,-3.5,222.5,31,0,62.1%,✅ 主隊 PHI (-3.5),Strat1:信心>60%(14%) | ⚠️Strat4:小分差(-0.3%) | ⚠️Strat5:讓分方(-0.2%) | ❌Strat8:淺盤讓分(-4%)
2026-02-11,NYK,PHI,-1.5,222.5,31,0,54.0%,✅ 主隊 PHI (-1.5),⚠️Strat4:小分差(-0.3%) | ⚠️Strat5:讓分方(-0.2%) | ❌Strat8:淺盤讓分(-4%)
2026-02-11,CHI,BOS,-13.5,225.5,47,0,77.2%,✅ 主隊 BOS (-13.5),Strat1:信心>60%(14%) | Strat2:信心>65%(19%) | Strat3:大分差(21%) | ⚠️Strat5:讓分方(-0.2%)
2026-02-11,SAS,GSW,7.5,219.5,1,59,34.6%,✅ 客隊 SAS (受讓),Strat1:信心>60%(14%) | Strat2:信心>65%(19%) | Strat3:大分差(21%) | ⚠️Strat5:讓分方(-0.2%)
